Date,USPHCI,Boston,New York,Philadelphia,Cleveland,Richmond,Atlanta,Chicago,St. Louis,Minneapolis,Kansas City,Dallas,San Francisco,USPHCI_change
1979-05-01,46.29,0.1056702702702702,0.1476709677419354,0.1377261904761904,-0.0153062499999999,0.1699645161290323,-0.0780729166666666,0.0361875,0.1565484848484848,-0.0874685714285714,0.1817675675675675,0.0746288888888889,0.2094906249999999,0
1979-06-01,46.42,-0.0032520833333333,0.0646631578947368,-0.1523457627118644,-0.0388770833333333,-0.0048222222222222,-0.0022772727272727,0.0150212121212121,0.1380486486486486,0.0538911111111111,0.1485925,0.1064,0.0301243243243243,0
1979-07-01,46.54,-0.0310113636363636,-0.0305885714285714,0.0114090909090909,0.0329229166666666,0.117865909090909,0.0960297297297297,0.1200921568627451,0.0939422222222222,-0.1272842105263158,0.2157,0.2250125,0.0168866666666666,0
1979-09-01,46.68,-0.0244090909090909,0.1319358974358974,0.0722322580645161,0.0298136363636363,0.1366068181818182,0.0657104166666666,-0.0127454545454545,0.150028947368421,-0.0774206896551724,0.0476704545454545,0.1394704545454545,0.1164566666666666,0
1979-10-01,46.77,0.1066489361702127,0.051865625,0.036738775510204,0.1260341463414634,0.0136729729729729,-0.0814604166666666,-0.0140333333333333,0.1738849999999999,0.086969696969697,0.1512386363636363,0.1831642857142857,-0.0096473684210526,0
1979-12-01,46.94,0.0340047619047619,0.1411552631578947,0.0120264705882352,0.0915066666666666,0.1185785714285714,0.107284,-0.0501999999999999,0.1775333333333333,0.1738368421052631,0.1297619047619048,0.0862378378378378,0.0952199999999999,0
1980-01-01,46.98,0.1757166666666667,0.0827282051282051,0.079265625,0.1533133333333333,0.0055,-0.0192680851063829,0.0779018181818181,0.0487914285714285,0.0362451612903226,0.147760465116279,-0.0444317073170731,-0.0713744186046511,0
1980-03-01,47.15,0.0714612244897959,-0.0914860465116279,0.0564968749999999,-0.0062936170212765,0.1085714285714285,-0.006266,-0.03112,0.1024486486486486,0.049275,0.0136431818181818,0.1271925,0.125411111111111,0
1980-05-01,46.88,0.0607794871794871,0.0787765957446808,0.0374846153846153,-0.0312543478260869,0.04696,0.03486,-0.1361280701754386,-0.0046297297297297,0.0381366666666666,0.0249044444444444,0.0493808510638298,-0.1037861111111111,1
1980-06-01,46.79,0.0166948717948718,0.1042731707317073,0.1064272727272727,-0.0413372093023255,0.14455,-0.0675541666666666,0.0286722222222222,0.0728731707317073,0.0083909090909091,0.1095813953488372,0.205747619047619,-0.0498657894736841,1
1980-07-01,46.7,0.0641341463414634,0.0543719298245614,0.1741054054054054,0.09325,0.0632142857142857,0.1218,0.0843745762711864,0.2259575757575757,0.1203645161290322,0.052501923076923,0.1564489795918367,-0.0265816326530612,1
1980-09-01,46.94,-0.0084794871794871,0.1286964912280701,0.1919738095238095,0.0855224489795918,0.0785136363636363,0.0584487804878049,0.0191590909090909,0.1027564102564102,0.1309499999999999,0.14335,0.160082,0.0505775510204081,0
1980-10-01,47.07,0.1014744186046511,0.178774,0.1103243902439024,0.0343270833333333,0.0967216216216216,0.1392239130434782,0.0341777777777777,0.0563162162162162,0.1079666666666666,0.1473214285714285,0.1597311111111111,0.1298787234042553,0
1980-12-01,47.42,0.0088285714285714,0.0858087719298245,0.1449499999999999,0.0579812499999999,0.1282124999999999,0.1641204545454545,-0.0238327272727272,0.0770307692307692,0.0751586206896551,0.1378268292682926,0.1202068181818181,0.0719152173913043,0
1981-01-01,47.47,0.1464159090909091,0.2148108695652174,0.1813177777777778,0.2525642857142858,0.1087416666666666,0.0954846153846153,0.0164537313432835,0.1448111111111111,-0.0342548387096774,0.0825760869565217,0.1391048780487805,0.0555761904761904,0
1981-06-01,47.96,0.1789978260869565,0.1447481481481481,0.1824265306122449,0.0760425531914893,0.047685,0.1848529411764705,0.0058169491525423,-0.0107459459459459,0.0992515151515151,-0.0051068181818181,0.1216381818181818,0.0659901960784313,0
1981-07-01,48.1,0.0124380952380952,0.0831249999999999,0.1697857142857143,0.0814409090909091,0.1274333333333333,0.0631244897959183,0.0359544117647058,0.1465121951219512,-0.0792390243902439,0.1449266666666667,0.0377744680851064,-0.0560186046511627,0
1981-09-01,48.11,0.0097596153846153,0.0251631578947368,0.1068551020408163,0.1271877551020407,-0.0097846153846153,0.148722,0.0565459016393442,0.0246466666666666,-0.0478655172413793,0.0926777777777777,0.084595744680851,0.065327027027027,0
1981-10-01,48.07,0.0192039215686274,-0.0070782608695652,0.0316075471698113,-0.0088244897959183,0.0281849999999999,0.0435433333333333,-0.0775775862068965,0.0725891891891891,-0.1339125,0.1715599999999999,0.0432209302325581,-0.0624340909090909,1
1981-12-01,47.93,0.0141875,0.0841654545454545,0.0844510204081632,-0.0804979166666666,0.0310636363636363,0.0175692307692307,-0.1080616666666667,0.0312973684210526,-0.0968499999999999,0.1384348837209302,0.1731860465116279,-0.1115477272727272,1
1982-01-01,47.85,0.0656531249999999,0.0171351851851851,0.0858260869565217,-0.1461166666666666,0.1591324324324324,-0.1211436363636363,0.027225,-0.020654054054054,-0.1247487179487179,0.2068674418604651,0.061995652173913,-0.0061124999999999,1
1982-03-01,47.81,-0.0145229508196721,-0.0929934782608695,0.1578938775510204,-0.0417864406779661,0.0153135135135135,-0.0531864406779661,-0.0544771428571428,-0.0051371428571428,-0.0533148936170212,0.0589179487179487,0.0507764705882352,-0.060591304347826,1
1982-05-01,47.74,0.0673689655172414,0.0886833333333333,0.0470448979591836,-0.1395490196078431,0.01586,0.0182783333333333,-0.0272,-0.0323702702702702,0.0839999999999999,0.128981081081081,0.0335367346938775,-0.0987553191489361,1
1982-06-01,47.67,-0.0089939999999999,0.0665107142857143,0.1390914893617021,-0.0672825,0.0864257142857143,-0.0164698412698412,-0.0065098360655737,0.1508414634146341,-0.0475,0.1345708333333333,0.04714,0.0032333333333333,1
1982-07-01,47.59,0.0922741935483871,-0.01833,0.0729456140350877,-0.1512944444444444,-0.0095928571428571,0.174411320754717,-0.0296838709677419,0.0686312499999999,-0.0550255319148936,0.1409023809523809,0.0282454545454545,0.0015288888888889,1
1982-09-01,47.49,0.065,0.0691333333333333,0.0319916666666666,-0.0272741379310344,0.0889468085106382,0.0511671875,-0.0037442622950819,0.2176351351351352,-0.0329327868852459,0.0029490196078431,0.0807847826086956,0.0145348837209302,1
1982-10-01,47.4,0.1808509433962264,0.1313521739130434,0.0716078431372549,-0.0380460317460317,-0.0103636363636363,0.0704782608695652,-0.0375173913043478,0.1452428571428571,0.0474521739130434,0.0702173913043478,0.057931914893617,-0.148397619047619,1
1982-12-01,47.38,0.2103481481481481,0.0958249999999999,0.2521875,-0.0666525423728813,0.1528615384615385,0.1621950819672131,-0.0165822580645161,0.0270216216216216,0.0987926470588235,0.0793333333333333,0.0864857142857142,-0.0017410256410256,1
1983-01-01,47.56,0.10293,0.1932714285714286,0.1611770833333333,-0.0021261538461538,0.22405,0.1632904761904762,0.0199712121212121,0.2918971428571429,0.1152210526315789,0.0887116279069767,0.1687384615384615,0.0114906249999999,0
1983-03-01,47.75,0.1989951612903226,0.11835,0.1283428571428571,0.0458245614035087,0.2935972222222223,0.0778046875,0.0456746031746031,0.2142470588235294,0.1473593220338983,0.2499785714285714,0.0657403846153846,0.0654825,0
1983-06-01,48.29,0.1768,0.1063735849056603,0.2307541666666666,0.182430303030303,0.3094722222222222,0.044216129032258,0.0840808219178082,0.2230625,0.0930910714285714,0.1816162790697674,0.1996754716981132,0.2060239130434783,0
1983-07-01,48.64,0.1705790697674418,0.1409121951219512,0.1429114285714285,0.1057806451612903,0.2343735294117647,0.1840323076923077,0.065047619047619,0.0731970588235294,0.2045348484848485,0.1482170212765958,0.1823095238095238,0.2082187499999999,0
1983-09-01,49.09,0.1506,0.0860085106382978,0.2392083333333333,0.0364115384615384,0.16235,0.1570868852459017,0.073628813559322,0.0636,0.1767140350877193,0.0870863636363636,0.1309906976744186,0.1492893617021276,0
1983-10-01,49.36,0.1883128205128205,0.1254073170731707,0.225414,0.0815830769230769,0.1303974358974358,0.2555163934426229,0.1359727272727272,0.1609,0.0893535714285714,0.0591117647058823,0.1899188679245283,0.200027027027027,0
1983-12-01,49.88,0.1935068181818182,0.2111533333333332,0.2357899999999999,0.1637625,0.2597621621621621,0.2581054545454544,0.1178262295081967,0.2114644444444444,0.11874,0.10692,0.2249521739130435,0.2260571428571428,0
1984-01-01,50.17,0.2027046511627906,0.2319799999999999,0.4011861111111111,0.1049233333333333,0.3429560975609756,0.1923057142857143,0.1418969696969697,0.2012333333333334,0.2368186046511627,0.0232717391304347,0.2208386363636363,0.3060999999999999,0
1984-03-01,50.68,0.2434725,0.2447222222222222,0.2988404255319148,0.0712557692307692,0.3108682926829267,0.112156862745098,0.0575920634920634,0.1296088235294117,0.1775383333333333,0.1857,0.1685292682926829,0.280668,0
1984-05-01,51.19,0.1338894736842105,0.1757925,0.2678428571428572,0.170972,0.2477542857142857,0.198135294117647,0.0220683333333333,0.2016621621621621,0.0666341463414634,0.0755981132075471,0.2043547619047618,0.2246596153846153,0
1984-06-01,51.46,0.1805864864864864,0.1928193548387096,0.2993727272727272,-0.0181734693877551,0.2208861111111111,0.1005428571428571,-0.0019671875,0.0352631578947368,-0.0501294117647058,0.1402178571428571,0.1986404255319148,0.2550673076923076,0
1984-07-01,51.6,0.2053863636363636,-0.0023148148148148,0.1971179487179487,0.0649814814814814,0.1921268292682926,0.1439148936170213,0.1135558823529412,0.1278878787878787,0.019713953488372,0.0442763636363636,0.1633066666666666,0.2449624999999999,0
1984-09-01,52.03,0.0717903225806451,0.2123727272727273,0.2311980000000001,0.2001673913043478,0.1762181818181818,0.1986275862068965,0.0096,0.1308405405405405,0.065031914893617,0.0979785714285714,0.0731833333333333,0.0945509090909091,0
1984-10-01,52.2,0.192863829787234,0.1304388888888888,0.1959088888888888,0.1187166666666666,0.1336190476190476,0.2588020833333334,0.0863107692307692,0.2247941176470588,0.053156862745098,0.0957814814814814,0.1194047619047619,0.08768,0
1984-12-01,52.56,0.0438204545454545,0.0879451612903225,0.199536,0.1058709677419354,0.2861531914893617,0.147804081632653,0.0276428571428571,0.1714193548387097,0.0616021276595744,0.10649375,0.0526577777777777,0.1356945454545454,0
1985-01-01,52.75,0.1712738095238095,0.1621714285714285,0.2153268292682927,0.2156448979591837,0.133925,0.2488085106382978,0.0813169491525423,0.1751297297297297,0.1811772727272727,0.1811772727272727,0.1338255319148936,0.0579704545454545,0
1985-03-01,53.11,0.1201973684210526,0.1375444444444444,0.3018972972972973,0.1081195652173913,0.2502944444444444,0.0972475,0.0617106382978723,0.1533756756756757,0.0545125,0.0545125,0.104546,0.0538681818181818,0
1985-05-01,53.45,0.0293628571428571,0.1481459459459459,0.2051955555555556,0.1661666666666666,0.1683255813953488,0.20284,0.0579115384615384,0.2226545454545454,-0.0142749999999999,-0.0142749999999999,0.1581764705882353,0.0759513513513513,0
1985-06-01,53.55,0.17976,0.11295,0.2427170212765957,0.135382,0.2926675675675676,0.1625833333333334,0.0458847826086956,0.0783057142857143,0.0017414634146341,0.0017414634146341,0.1787326530612245,0.1061236842105263,0
1985-07-01,53.71,0.1654225,0.031453488372093,0.256770731707317,0.1305720930232558,0.1685162162162162,0.1542999999999999,0.0562254901960784,0.2534857142857143,-0.0625477272727272,-0.0625477272727272,0.0032703703703703,0.0746292682926829,0
1985-09-01,54.08,0.1378944444444444,0.0369282608695652,0.2623166666666667,0.142856862745098,0.1768939393939394,0.1069255319148936,-0.0138811320754716,0.22263125,-0.0263813953488372,-0.0263813953488372,0.1397291666666666,0.0043131578947368,0
1985-10-01,54.24,0.0957846153846153,0.1446631578947368,0.2073416666666667,0.0903711111111111,0.1589641025641026,0.1789063829787234,0.0690775510204081,0.1388885714285714,0.047267441860465,0.047267441860465,0.1540689655172414,0.0548179487179487,0
1985-12-01,54.58,0.0504589285714285,0.1091449999999999,0.2159228571428572,0.1425613636363636,0.2817142857142857,0.0749558139534883,0.087156862745098,0.1245516129032258,0.0691555555555555,0.0691555555555555,0.1082945454545454,0.0475146341463414,0
1986-01-01,54.79,0.22426,0.1058372093023255,0.2321027027027027,0.2092078431372548,0.22728125,0.0893148936170213,0.0828964912280701,0.225069696969697,0.0879324324324324,0.1477653846153846,0.0629130434782608,0.1576216216216216,0
1986-03-01,54.93,0.189827659574468,0.0605906249999999,0.2498585365853659,0.1114866666666666,0.1008432432432432,0.2378651162790697,0.0507137931034482,0.18231,0.1289674418604651,0.1735765957446808,0.1316414634146341,-0.09995,0
1986-06-01,55.28,0.1741722222222222,0.1950368421052631,0.1592947368421052,0.0858377777777777,0.1099263157894737,0.2225324999999999,0.0443162162162162,0.2143333333333333,0.1726327272727273,0.08946,0.0704585365853658,0.1559428571428571,0
1986-07-01,55.51,0.1988081081081081,0.1314394736842105,0.2081125000000001,0.1529595744680851,0.0350971428571428,0.0644428571428571,-0.0180209677419354,0.2796230769230768,0.1136071428571428,0.0165163265306122,0.0066224999999999,0.1119820512820512,0
1986-09-01,55.83,0.1643673913043478,0.2330578947368421,0.2768619047619048,0.1361333333333333,0.1804114285714285,0.0096296296296296,0.0058473684210525,0.0521387096774193,0.14712,0.0649294117647059,0.0690568181818181,0.0061595238095238,0
1986-10-01,55.99,0.0725022727272727,0.2421828571428571,0.221126,0.1459372549019608,0.0514388888888888,0.0260226415094339,0.0243308823529411,0.0736107142857143,0.0926731707317072,0.0081763636363636,0.1393416666666666,0.11,0
1986-12-01,56.4,0.1222236842105263,0.2465085714285714,0.3352071428571429,0.164625,0.1161218749999999,0.0793875,0.0516238805970149,0.1516545454545455,0.0160934782608695,0.0739196078431372,0.0406301886792452,0.2170951219512195,0
1987-01-01,56.55,0.1816,0.2676305555555556,0.2098115384615385,0.0639355555555555,0.1393805555555555,0.2842755102040816,0.0511506493506493,0.1457428571428572,0.1167276595744681,0.1959906976744186,0.0251369565217391,0.1844228571428571,0
1987-03-01,56.91,0.2496609756097561,0.0974864864864864,0.2892883720930231,0.12495,0.2046,0.2929235294117647,0.1005111111111111,0.2168060606060606,0.1124833333333333,0.0986583333333333,0.0693325581395348,-0.0084138888888888,0
1987-05-01,57.35,0.1664199999999999,0.1138529411764705,0.2240355555555555,0.1921071428571428,0.2291675675675676,0.1839085106382978,0.1047650793650793,0.1454242424242424,0.12329375,0.140002,0.0536999999999999,0.1718840909090909,0
1987-06-01,57.53,0.1140739999999999,0.1358473684210525,0.2506696428571429,0.1916153846153846,0.2309909090909091,0.1460510204081632,0.1695415094339622,0.0581129032258064,0.1195884615384615,0.0546283018867924,0.1047581395348837,0.1959085106382979,0
1987-07-01,57.76,0.1721609756097561,0.1598222222222222,0.2923487804878049,0.0505520833333333,0.0700318181818182,0.1655254901960784,0.1367654545454545,0.1465472222222222,0.1509357142857143,0.0442962962962963,0.1542395348837209,0.1509157894736842,0
1987-09-01,58.14,0.1838439024390244,0.1276529411764706,0.237442,0.065181081081081,0.0284971428571428,0.2606903846153845,0.0830392857142857,0.1242714285714285,0.2480088888888888,0.1433339622641509,0.1630469387755101,0.2272,0
1987-10-01,58.37,0.0779,0.0656230769230769,0.2593625,0.081845,0.0511153846153846,0.13184,0.1612491228070175,0.1595179487179487,0.1845981132075471,0.1165779999999999,0.1187674418604651,0.191980487804878,0
1987-12-01,58.83,0.0923175,0.0398743589743589,0.1468222222222222,0.075025,0.0998708333333333,0.079134,0.0184921568627451,0.1126638888888889,-0.0363704545454545,0.0999274509803921,0.0612071428571428,0.090915625,0
1988-01-01,58.98,0.13038,-0.1167176470588235,0.1981023255813953,0.2409279999999999,0.1076266666666666,0.1196510204081632,0.1814549019607843,0.115278947368421,0.2204780487804878,0.049234693877551,-0.025890243902439,0.19433,0
1988-03-01,59.44,0.0863153846153846,0.1410906976744186,0.1645925925925926,0.130245238095238,0.1306093023255814,0.2482152173913043,0.1550108695652174,0.1713282051282051,0.0543452380952381,0.0989510204081632,0.0407790697674418,0.1783441860465116,0
1988-06-01,60.13,0.1136422222222222,0.0894374999999999,0.1113028571428571,0.1369790697674419,0.1890777777777778,0.1757980769230769,0.0647977272727272,0.0393842105263157,0.1465673469387755,0.1018074074074074,0.0552883720930232,0.0426743589743589,0
1988-07-01,60.31,0.0165311111111111,0.1233093023255814,0.1995139534883721,0.1600435897435897,0.1128960784313725,0.2518266666666667,0.1254260869565217,-0.0410096774193548,0.0763326530612244,0.0129249999999999,0.0958422222222222,0.2106999999999999,0
1988-09-01,60.68,0.1245378378378378,0.0965170731707317,0.2007857142857143,0.0793945945945946,0.1560111111111111,0.1732673469387755,0.1407109090909091,0.0468175,0.1011727272727272,0.1461933333333333,0.0875217391304348,0.0318708333333333,0
1988-10-01,60.87,0.0338068181818181,0.2168295454545454,0.279436111111111,0.1420756097560975,0.078101724137931,0.2021541666666666,0.1203333333333333,0.0402052631578947,0.0471177777777777,0.0813803921568627,0.050485,0.148765306122449,0
1988-12-01,61.31,0.1326115384615384,0.1450499999999999,0.2838555555555554,0.1408342105263157,0.1252783783783784,0.0681531914893617,0.0852090909090909,0.0452526315789473,0.1231576271186441,0.1042865384615384,0.0600632653061224,0.1258176470588235,0
1989-01-01,61.48,0.1733878048780487,0.1812951219512194,0.202465306122449,0.2083846153846153,0.1245170731707317,0.0848795918367347,0.1113736842105263,0.1261794871794871,0.096365,0.1366964912280701,0.0410374999999999,0.1651173913043478,0
1989-03-01,61.95,0.1544199999999999,0.1874054054054054,0.283378947368421,0.3215475,0.050625,0.1278975609756097,0.1382929824561403,0.0763151515151515,0.1505857142857143,0.1078527272727272,0.1223354166666667,0.107225,0
1989-05-01,62.21,0.0191441860465116,0.0848657894736842,0.2013904761904762,0.2031837837837838,0.0750588235294117,0.13405,0.0825454545454545,0.1387969696969697,0.0927533333333333,0.0978290909090909,0.0534212765957446,0.0485571428571428,0
1989-06-01,62.31,0.1009604166666666,0.0722128205128205,0.1556441860465116,0.1756871794871795,0.1332142857142857,0.0809390243902439,0.1013959183673469,0.0890647058823529,0.031080487804878,0.007164,0.0821847826086956,0.189856862745098,0
1989-07-01,62.44,0.0942586956521739,0.1408577777777777,0.1820578947368421,0.1727621621621621,0.1066869565217391,0.0955906976744185,0.074034693877551,0.0811857142857142,-0.0510285714285714,0.0099037037037037,0.0985283018867924,0.10195,0
1989-09-01,62.67,0.0364860465116278,-0.0132128205128204,0.1976882352941176,0.2111764705882353,0.2076725490196078,0.1240304347826087,0.1470631578947368,-0.0318297297297297,0.0347804347826087,0.1318313725490196,0.095535294117647,0.2248333333333333,0
1989-10-01,62.8,0.1134820512820512,-0.0430744186046511,0.160745652173913,0.128251282051282,-0.0427395833333333,0.1234954545454545,0.2013520833333333,-0.007427027027027,0.113677358490566,0.1757603773584905,0.1378234042553191,0.1723975,0
1989-12-01,63.07,0.0280255813953488,0.0845725,0.1524848484848484,0.2810861111111111,0.0200066666666666,-0.0028895833333333,0.0725693548387096,-0.1083774999999999,0.16115,0.160674,0.1221434782608695,0.1323647058823529,0
1990-01-01,63.27,0.1391673913043478,0.154651282051282,0.1831815789473684,0.0180205128205128,0.0675885714285714,0.101,0.17336,0.1963444444444445,0.1704416666666667,0.0861086956521739,0.0488702127659574,0.1906883333333333,0
1990-03-01,63.67,0.112051282051282,-0.0021046511627906,0.1455285714285714,0.1109874999999999,-0.0287926829268292,0.0176156862745098,0.1541767857142857,0.1386315789473684,0.1008722222222222,0.0375872340425532,0.1490489795918367,0.1389127659574468,0
1990-05-01,63.9,0.1035130434782608,0.0886897435897436,0.2940880952380952,0.1375886363636363,0.0876767441860465,0.2090224489795918,0.1407533333333333,0.0431621621621621,0.1171936170212765,0.0596614035087719,0.1226596153846154,0.2140604166666667,0
1990-06-01,64.06,0.0024533333333333,0.0659177777777777,0.1493525,0.2004837837837838,0.0532,0.1004538461538461,0.0224297872340425,0.047508108108108,0.1971558139534883,0.1128874999999999,0.095125,0.1746655172413793,0
1990-07-01,64.07,0.0562439999999999,0.0435571428571428,0.2095027777777777,0.0935075,0.0362775510204081,0.1210977272727272,0.0790473684210526,0.11795,0.1167276595744681,0.0921574074074074,0.0674306122448979,0.0899533333333333,0
1990-09-01,64.06,0.0488116279069767,0.033280487804878,0.1040621621621621,0.100238775510204,-0.0231844444444444,0.0342868421052631,0.1823622641509433,-0.1284529411764705,0.1469612244897959,-0.0008733333333333,0.1554745762711864,0.2215651162790698,1
1990-10-01,64.1,0.0581820512820512,-0.021481081081081,0.0464581395348837,-0.0267738095238095,-0.0701294117647058,0.1041025641025641,0.1506245614035088,0.01018,0.0190163636363636,0.0267446808510638,0.0703396226415094,0.0939612244897959,0
1990-12-01,64.04,-0.0379951219512195,-0.0213184210526315,0.1013142857142857,0.0510490196078431,0.0708152173913043,0.0810216216216216,0.1224686274509804,0.0416575,0.0850254901960784,0.088738,0.1090542372881356,0.12664,1
1991-01-01,64.04,0.1107487804878048,0.0177619047619047,0.0389027777777777,-0.05888,-0.0458156862745098,0.0288305555555555,0.13815,0.0769973684210526,0.0149905660377358,-0.0853477272727273,0.1277836363636363,-0.0489431034482758,0
1991-03-01,63.89,0.1370295454545454,0.058160606060606,0.2458153846153846,-0.076425,-0.0153391304347826,0.1159409090909091,0.1217087719298246,-0.0312642857142857,0.0222630434782608,0.0133979166666666,0.1012866666666666,-0.0440648148148147,1
1991-05-01,63.88,0.0224149999999999,0.1256414634146341,0.1338823529411764,0.0753199999999999,0.1634705882352941,0.1805947368421052,0.1743966666666666,0.0611162790697674,0.0376324999999999,0.0922937499999999,0.0211333333333333,0.051054,1
1991-06-01,63.97,0.1226,0.0899208333333333,0.1484351351351351,0.0697977272727272,0.0503042553191489,0.0852309523809523,0.0536426229508196,0.0352651162790697,0.0789102040816326,0.0376775510204081,0.2105020408163266,0.1678326530612245,0
1991-07-01,64.06,0.0399775510204081,0.1195447368421052,0.1339933333333333,0.0806358974358974,0.0249326086956521,0.1326883720930232,0.0762854545454545,0.0246795454545454,-0.0146846153846153,0.1051833333333333,0.0839229508196721,-0.046004081632653,0
1991-09-01,64.21,-0.0075372093023255,0.097651282051282,0.1526947368421052,0.1773052631578947,0.0311675,0.0395035714285714,0.1826295081967213,0.1312432432432432,0.0161102564102564,-0.0019448979591836,0.0344333333333333,-0.0999222222222222,0
1991-10-01,64.28,0.0694657894736842,0.0920705882352941,0.1808052631578947,0.1383466666666666,-0.0264787878787878,0.0427072727272727,0.117091304347826,0.0428641025641025,0.0082644444444444,-0.0020574074074074,0.1201946428571428,-0.002518,0
1991-12-01,64.35,0.0290999999999999,0.0600522727272727,0.2306272727272727,0.1508959999999999,0.0344179487179487,0.0730619047619047,0.0996482142857142,0.098265,0.1050105263157894,0.0001619999999999,0.1249115384615384,-0.0688078431372549,0
1992-01-01,64.46,0.0199382978723404,0.051255,0.2218083333333333,0.1228454545454545,0.1212333333333333,0.0526,0.1142839285714285,0.2024547619047619,0.0423458333333333,0.0837129629629629,0.1299129629629629,0.039835294117647,0
1992-03-01,64.62,0.1417837209302325,0.1686052631578947,0.1831688888888888,0.1908090909090909,0.2610162162162163,0.1539521739130434,0.2339068181818181,0.1517170731707317,0.079682,0.0604808510638298,0.1140862745098039,0.13125,0
1992-05-01,64.86,0.0562325581395349,0.1688238095238095,0.1769315789473684,0.2469512195121951,0.1983410256410256,0.1971023809523809,0.1920795918367346,0.1513374999999999,0.088714,0.0372916666666666,0.1133296874999999,0.0402439999999999,0
1992-06-01,64.95,0.0800277777777777,0.0617485714285714,0.1835354838709677,0.2152593749999999,0.1074526315789473,0.1647511627906976,0.204421568627451,0.1342945945945946,0.1485108695652174,0.0729933333333333,0.1340075471698113,0.0078157142857142,0
1992-07-01,65.11,0.0880837209302325,0.0756277777777778,0.0207410256410256,0.1970444444444444,0.0829875,0.126425,0.2178283333333333,0.2554971428571428,0.1522636363636363,0.0521333333333333,0.0829154929577464,0.0459134328358208,0
1992-09-01,65.37,0.0843619047619047,0.1384777777777777,0.1508710526315789,0.122427027027027,0.1022487804878048,-0.0043708333333333,0.2069092592592592,0.184280487804878,0.0928571428571428,0.2108469387755101,0.2130057692307692,0.0225567164179104,0
1992-10-01,65.61,0.1520738095238095,0.1267315789473684,0.1770538461538461,0.19472,0.0869372549019607,0.0434820512820512,0.1433235294117647,0.1267058823529411,0.1430102040816326,0.179163829787234,0.0834291666666666,-0.0490542372881355,0
1992-12-01,65.9,0.1996380952380952,0.1095052631578947,0.1940972222222222,0.2928757575757575,0.1728088888888889,0.1454368421052631,0.2664596774193548,0.2391522727272726,0.2488749999999999,0.1385644444444444,0.2812163265306122,0.0416315789473684,0
1993-01-01,66.13,0.1502418604651163,0.0825795454545454,0.2148918918918919,0.1115533333333333,0.1251363636363636,0.3127473684210525,0.2240954545454545,0.22614,0.2246733333333333,0.1879431818181818,0.115827868852459,0.12516,0
1993-03-01,66.48,0.156065,0.08241,0.2472630434782608,0.3626615384615383,0.1120937499999999,0.1418382352941176,0.2530893617021277,0.1214562499999999,0.0773862745098039,0.0828884615384615,0.2086843137254902,0.1389877551020408,0
1993-05-01,66.83,0.130725641025641,0.1440333333333333,0.2142972972972973,0.1308558139534883,0.1189537037037036,0.1583,0.1386622641509434,0.1095111111111111,0.1579290322580644,0.1976490196078431,0.0432360655737704,0.1828019999999999,0
1993-06-01,67.04,0.0599720930232558,0.132109756097561,0.2459947368421053,0.1491948717948718,0.0842274509803921,0.2127806451612903,0.2648872727272727,0.1548208333333333,0.2514811320754718,0.1299875,0.1082090909090909,0.0785734693877551,0
1993-07-01,67.27,0.1493361111111111,0.1008928571428571,0.1372655172413793,0.0605023809523809,-0.0348,0.1039058823529412,0.126701724137931,0.0111166666666666,0.14135,0.0762020833333333,0.231795744680851,0.1953363636363636,0
1993-09-01,67.68,0.2321761904761904,0.0038341463414634,0.0791891891891892,0.1638358974358974,0.0649880952380952,0.1392666666666666,0.282004,0.0433644444444444,0.159930612244898,0.0884142857142856,0.2108017857142857,0.1269107142857143,0
1993-10-01,67.84,0.1558125,0.1272066666666667,0.2712548387096774,0.2757108108108108,0.2210511111111111,0.1823105263157894,0.2398510204081632,0.0885195652173913,0.1354941176470588,0.0772333333333333,0.1735480769230769,0.1588578947368421,0
1993-12-01,68.38,0.1700261904761905,0.0929146341463414,0.1790849999999999,0.3323896551724138,0.151631914893617,0.3260794117647058,0.2770754716981132,0.1102943396226415,0.2117616666666667,0.137312,0.1761351851851852,0.1134116666666666,0
1994-01-01,68.57,0.162865909090909,0.0799063829787234,0.2731961538461539,0.3477780487804878,0.1381157894736842,0.3140216216216215,0.3994809523809525,0.2901565217391303,0.1406298245614035,0.1054042553191489,0.2168509090909091,0.1802566037735849,0
1994-03-01,69.08,0.1434424999999999,0.0665105263157894,0.1002372549019608,0.3480896551724138,0.1210508771929824,0.0596159090909091,0.1656892307692308,-0.0332295454545454,0.1310261538461539,0.005769387755102,0.1857428571428571,0.2036214285714286,0
1994-05-01,69.67,0.112275,0.215878947368421,0.3226,0.1765903225806451,0.1696096153846153,0.2577897435897436,0.3327901960784314,0.1323577777777778,0.1796771929824561,0.0475446808510638,0.1992942857142857,0.2755301886792453,0
1994-06-01,69.91,0.1262225,0.2036340425531914,0.2244,0.2633848484848485,0.0778265306122449,0.1987219512195122,0.2097037735849056,0.1226173076923077,0.1858396551724138,0.0996277777777777,0.0955156249999999,0.2606982456140351,0
1994-07-01,70.17,0.1672153846153846,0.1824309523809523,0.2034472222222222,0.2757658536585366,0.0696980769230769,0.1879795918367347,0.1719421052631578,0.0840666666666666,0.1972261538461538,0.0028591836734693,0.1611686567164179,0.2052264150943396,0
1994-09-01,70.7,0.106028947368421,0.0664947368421052,0.2155891891891892,0.258703448275862,0.1185571428571428,0.1442711538461538,0.1882527272727273,0.1685854166666666,0.1860880597014925,0.063795744680851,0.047730909090909,0.1852611111111111,0
1994-10-01,70.93,0.2993567567567567,0.0670461538461538,0.2065723404255319,0.2392625,0.0825543478260869,0.2023826086956521,0.2438464285714286,0.1573813953488372,0.219690410958904,0.0952022727272726,0.0761071428571428,0.1011283018867924,0
1994-12-01,71.52,0.1280305555555555,0.1387285714285714,0.2119305555555555,0.2132317073170731,0.176663829787234,0.1879695652173913,0.251113725490196,0.1434925,0.2038885714285713,0.128262,0.0954730769230769,0.1786565217391303,0
1995-01-01,71.73,0.188505,0.0617999999999999,0.234555,0.2504735294117647,0.1530851063829788,0.1567264150943395,0.2810939999999999,0.31605,0.0953065573770492,0.2072847826086956,0.2068735849056603,0.2155948717948718,0
1995-03-01,72.18,0.1212142857142857,0.0381615384615384,0.1685717391304347,0.1307918918918919,0.1337155555555555,0.1355304347826087,0.2958730158730159,0.1567135135135135,0.0963125,0.108892,0.1290081967213114,0.1578436363636363,0
1995-05-01,72.42,0.1608790697674419,0.0688588235294117,0.0370594594594594,0.1740447368421052,0.1021326530612245,0.1005704545454545,0.281975,0.2233195121951219,0.1377749999999999,0.0386295454545454,0.1120526315789473,0.1655612244897959,0
1995-06-01,72.59,0.1280395348837209,0.0931588235294117,0.0261514285714285,0.1233799999999999,0.1940367346938775,0.1058934782608695,0.363975,0.1088074999999999,0.1604783333333333,0.0862739130434782,0.0306396226415094,0.2110369565217391,0
1995-07-01,72.71,0.1858368421052632,-0.0464307692307692,0.1871673913043478,0.1986868421052631,0.130126923076923,0.189372,0.2267693548387096,0.1513975,0.1611173913043478,0.1043454545454545,-0.0100235294117647,0.0774795454545454,0
1995-09-01,73.15,0.1470657894736842,-0.0768026315789473,0.1408,0.188625,0.103462,0.1541243902439024,0.2519076923076923,0.0823605263157894,0.0242741379310344,0.0692581395348837,-0.023616,0.1638410256410256,0
1995-10-01,73.34,0.1295333333333333,-0.0731235294117647,0.1494945945945946,0.1053849999999999,0.1223166666666666,0.1196886363636363,0.228292,0.0202395348837209,0.2772362318840581,0.0378833333333333,0.0546648148148148,0.1985926829268292,0
1995-12-01,73.66,0.1799454545454545,0.0421,0.2989828571428571,0.2630682926829267,0.132176,0.2788131578947367,0.1748754716981132,0.1559227272727272,0.2655305084745763,0.1333209302325581,0.088138,0.1222142857142857,0
1996-01-01,73.76,0.1262714285714286,-0.0456605263157894,0.103571875,0.1240309523809524,0.06645,0.147116,0.1832325,0.2119727272727272,0.0908766666666666,0.0598083333333333,0.0952428571428571,0.0613783783783783,0
1996-03-01,74.26,0.128832,0.1179809523809524,0.1593063829787233,0.1721916666666667,0.1036104166666666,0.0415723404255319,0.2860568181818182,0.0460439999999999,0.0959391304347826,0.1111333333333333,0.021238596491228,0.1064649999999999,0
1996-05-01,74.68,0.2045688888888889,-0.0501853658536585,0.2677742857142857,0.1920473684210526,0.1112857142857142,0.1423509433962264,0.1129705882352941,0.0759020833333333,0.1431594202898551,0.081442,0.0208480769230769,0.2899763157894737,0
1996-06-01,75.03,0.141002380952381,0.133016,0.1993263157894737,0.2669277777777778,0.1314261538461538,0.1926203703703704,0.2746211538461539,0.1504219512195121,0.2197090909090909,0.164432075471698,0.2112833333333333,0.1968617647058823,0
1996-07-01,75.18,0.1201499999999999,0.06405,0.2702033333333334,0.2387351351351351,0.0387553846153846,0.1671575,0.2118311111111111,0.2020659090909091,0.1297073529411765,0.1778102040816326,0.0547490196078431,0.24793125,0
1996-09-01,75.67,0.1379541666666666,0.0779863636363636,0.1390999999999999,0.1910666666666667,0.0844603448275862,0.1696435897435897,0.1905618181818182,0.012169387755102,0.1761129032258065,0.1625679245283018,0.0754666666666666,0.1430609756097561,0
1996-10-01,75.89,0.1589823529411764,0.262595744680851,0.1552473684210526,0.0475326530612244,0.0758388888888888,0.1245928571428571,0.1628979166666667,0.1065340909090909,0.1908863636363636,0.1601585365853658,0.0221225806451612,0.2503351351351351,0
1996-12-01,76.27,0.1965999999999999,0.1765837209302325,0.2165666666666667,0.1678511627906976,0.1420618181818181,0.1408044444444444,0.215386440677966,0.1668265306122449,0.213701923076923,0.1531488372093023,0.1653,0.3000972972972973,0
1997-01-01,76.53,0.1541169811320755,0.1255045454545454,0.1496742857142857,0.1814305555555556,0.0366426229508196,0.1493785714285714,0.1509446428571428,0.2084765957446808,0.1641796610169491,0.184802380952381,0.1134450980392157,0.2068969696969697,0
1997-03-01,77.05,0.1738211538461538,0.140134693877551,0.228890909090909,0.228568085106383,0.1203280701754385,0.1215999999999999,0.1324754385964912,0.2317414634146341,0.0253052631578947,0.2293840909090909,0.0920245614035087,0.3400431818181818,0
1997-05-01,77.63,0.1856054545454545,0.0405418604651162,0.1646121951219512,0.1884487804878049,0.1550701492537313,0.0911571428571428,0.1751881355932202,0.0645586956521739,0.1119163934426229,0.1845021276595745,0.1867368421052631,0.3179369565217391,0
1997-06-01,77.83,0.1764078431372549,0.14066,0.2235219512195122,0.1313175,0.1292877192982456,0.0804980392156862,0.1570538461538461,0.1480326530612244,0.1197389830508474,0.161856,0.2375254237288136,0.1839170731707317,0
1997-07-01,78.11,0.2071117647058823,0.10265,0.2976404761904761,0.1436842105263157,0.2262480769230768,0.1927804347826087,0.1580791666666666,0.1290861111111111,0.1296196721311475,0.2090043478260869,0.232551724137931,0.1646047619047618,0
1997-09-01,78.55,0.2184214285714285,0.178655,0.1962717948717948,0.1779086956521738,0.2078999999999999,0.1407407407407407,0.1636705882352941,0.1166934782608695,0.1338977272727272,0.1663895833333332,0.1660224137931034,0.1860976744186046,0
1997-10-01,78.89,0.1717579999999999,0.0957613636363636,0.1650341463414634,0.2202395348837209,0.1376870967741935,0.1020905660377358,0.1842169491525424,0.1764088888888888,0.2165733333333333,0.1528159090909091,0.1693866666666666,0.2843108695652173,0
1997-12-01,79.42,0.1775448275862069,0.1568190476190476,0.1841739130434783,0.2240146341463414,0.1488684210526315,0.1781714285714285,0.2652783333333334,0.1625162790697674,0.1403615384615384,0.1857090909090909,0.1846714285714285,0.3510833333333332,0
1998-01-01,79.71,0.1423946428571429,0.0462872340425532,0.206981081081081,0.1920446808510637,0.1729,0.0784341463414634,0.168137037037037,0.1797113636363636,0.2115578125000001,0.134525,0.1210241379310345,0.1731093023255814,0
1998-03-01,80.09,0.1935358490566037,0.1650229166666667,0.2333116279069767,0.2637432432432431,0.1504035714285714,0.1681877551020408,0.2226466666666666,0.1498295454545454,0.1755683333333334,0.0747490196078431,0.0173089552238806,0.0181023255813953,0
1998-05-01,80.69,0.1125499999999999,0.242705,0.2969374999999999,0.2245555555555555,0.0738839285714285,0.1881470588235294,0.2993968253968254,-0.0001833333333333,0.0543847457627118,0.0451826923076923,0.1650309090909091,0.1856948717948718,0
1998-06-01,80.92,0.1747016666666666,0.1196953488372093,0.2587923076923077,0.2048883720930233,0.2581803278688524,0.1518979166666667,0.2495358208955222,0.2482591836734694,0.1393771929824561,0.164211320754717,0.1168510638297872,0.1709051282051282,0
1998-07-01,81.12,0.0909545454545454,0.076669387755102,0.1961634146341463,0.1897037037037037,0.0649625,0.0862413043478261,0.0889442622950819,0.1449367346938775,0.1139046153846153,0.030188679245283,0.0281732142857142,0.1814509803921568,0
1998-09-01,81.57,0.1411739130434783,0.0235431818181818,0.2077,0.1538,0.064675,0.0409,0.1404367647058823,0.1830733333333333,0.0714138888888889,-0.0097589285714285,-0.0835727272727272,0.0202065217391304,0
1998-10-01,81.83,0.0487214285714285,0.1058173076923077,0.2269975,0.1787767441860465,0.1047553571428571,-0.0143058823529411,0.1302181818181818,0.1451586956521739,0.1167753846153846,0.0632981132075471,-0.0179033898305084,-0.0087217391304347,0
1998-12-01,82.38,0.1259142857142857,0.1699288888888889,0.1466923076923076,0.1099608695652173,0.2372,0.0981478260869565,0.228031746031746,0.1785227272727273,0.1790377358490566,0.0761589285714285,-0.0178402985074626,0.1678093023255814,0
1999-01-01,82.61,0.199786,0.2434358974358974,0.3344371428571429,0.1817476190476191,0.098022033898305,0.1452745098039215,0.1866491803278688,0.1737644444444444,0.11352,0.1172627118644068,0.1423460317460317,0.1924222222222222,0
1999-03-01,83.14,0.1443,0.2423590909090909,0.2558977777777778,0.2517826086956521,0.1320761904761905,0.155177358490566,0.1943016949152542,0.1245886363636363,0.074058064516129,0.0290706896551724,0.0830396825396825,0.0783142857142857,0
1999-05-01,83.66,0.1136411764705882,0.1929309523809523,0.2435649999999999,0.1083524999999999,0.1988517857142857,0.107470909090909,0.1817676923076923,0.0990533333333333,0.0967969230769231,0.1313480769230769,0.1656716417910447,0.1123047619047619,0
1999-06-01,83.86,0.0852396226415094,0.141513725490196,0.257766037735849,0.1886181818181818,0.2198433333333333,0.1313444444444444,0.2113685185185185,0.1626416666666667,0.0610771929824561,0.0630508771929824,0.181205172413793,0.09038,0
1999-07-01,84.13,0.1005617021276595,0.0541266666666666,0.1863758620689655,0.1211088888888889,0.1322965517241379,0.1169326530612245,0.229461111111111,0.0922375,0.1656419354838709,0.0819849056603773,0.0602881355932203,0.211206976744186,0
1999-09-01,84.59,0.1389607142857143,0.0064124999999999,0.235180357142857,0.1082808510638297,0.0739951612903225,0.0770282608695652,0.1700333333333334,0.2443044444444445,0.1253183333333333,0.075277358490566,0.2632245283018867,0.195925,0
1999-10-01,84.9,0.1771065217391304,0.0238547619047618,0.1187557692307692,0.1949363636363636,0.1735092592592592,0.0176304347826086,0.1745548387096774,0.1056590909090909,0.0903084745762711,0.1182127659574468,0.0449181818181818,0.2388085106382978,0
1999-12-01,85.46,0.0869017543859649,0.0976756097560975,0.1307470588235293,0.1152516129032258,0.1770749999999999,0.150004,0.2024137931034483,0.1001533333333333,0.2006065573770492,0.1618854166666666,0.1441757575757576,0.2323485714285714,0
2000-01-01,85.69,0.1766222222222222,0.0644729166666666,0.14678,0.31148,0.1914672413793103,0.2232854166666666,0.0508824561403508,0.1157319999999999,0.1883597014925372,0.1615877551020408,0.1467459459459459,0.2973452380952381,0
2000-03-01,86.27,0.1941553571428571,0.0480320754716981,0.1920061538461538,0.1556754098360655,0.1026866666666666,0.1541375,0.2534216666666666,0.1612636363636363,0.1577738461538461,0.1390518518518518,0.011424,0.1989847826086956,0
2000-05-01,86.76,0.100425641025641,0.1351119047619047,0.1821169811320754,0.1983413793103448,0.224003448275862,0.126432,0.2323344827586207,0.1549711538461538,0.2128706896551724,0.0891039215686274,0.1409933333333333,0.2202787234042553,0
2000-06-01,86.91,0.0403064516129032,0.0739673913043478,0.1791084745762712,0.1936948275862068,0.2411132075471697,0.1624181818181818,0.2081555555555555,0.157875,0.219355172413793,0.1213326923076923,0.1326328947368421,0.215980487804878,0
2000-07-01,87.11,0.1290702127659574,0.027198,0.1679788461538461,0.1776066666666667,0.1556071428571429,0.0976721311475409,0.219810447761194,0.139596,0.2045903225806451,0.10846875,0.1168492957746478,0.2451081632653061,0
2000-09-01,87.46,0.0667704918032786,0.0893264150943396,0.2287830508474576,0.0401649999999999,0.1637775862068965,0.1111934782608695,0.1336222222222222,0.098228,0.140691935483871,0.0985235294117647,0.1741985507246377,0.2752999999999999,0
2000-10-01,87.58,0.0322807692307692,0.0889851063829787,0.2344666666666666,0.074,0.1748258620689654,0.0802854166666666,0.2173245901639343,0.0661619999999999,0.1195857142857142,0.1292603773584905,0.1243371794871794,0.2338755102040816,0
2000-12-01,87.94,0.1287825396825397,0.1452882352941177,0.2367107142857143,0.0079959183673469,0.2487796296296296,0.1287882352941176,0.1391357142857142,0.1969396551724138,0.1817035087719297,0.0403561403508771,0.1463691176470588,0.3054304347826087,0
2001-01-01,87.95,0.1183576923076923,0.1224392857142857,0.1964770833333332,0.1036022727272727,0.1450464285714285,0.1008799999999999,0.0811033898305084,0.1593843137254902,0.0973843749999999,0.0131399999999999,-0.03715375,0.130714,0
2001-03-01,88.17,0.0091277777777777,0.068886,0.2059037735849056,0.1025416666666666,0.1432508771929825,0.0651351851851851,0.1498,-0.0406525,0.0579793103448276,0.0786433962264151,0.0677586666666666,0.1605659090909091,0
2001-05-01,88.31,-0.0428388888888888,0.028664,0.1882293103448276,0.1143426229508196,0.118453448275862,0.0922979166666666,0.1113630769230769,0.2282833333333333,0.0218753623188405,0.0849690909090909,-0.0042970588235294,0.0355890909090909,0
2001-06-01,88.27,-0.0357704918032786,0.0755377358490565,0.0727122807017544,0.088030303030303,0.0845388888888889,0.1175705882352941,0.0443,0.089445652173913,0.041620895522388,0.0077094339622641,0.0725114583333333,0.1409961538461539,1
2001-07-01,88.29,0.0541803921568627,0.0614157894736842,0.1050634615384615,0.0796042553191489,0.0165612903225806,0.0893895833333333,0.0862819672131147,0.15388,0.0540393939393939,0.1265016666666666,-0.0142247619047619,-0.0341017857142857,0
2001-09-01,88.22,0.0328814814814814,0.1263415094339622,0.1448048387096774,0.0511310344827586,0.0816770491803278,0.0411914893617021,0.1216707692307692,0.1191490196078431,0.160847619047619,0.020801724137931,-0.0067195652173913,-0.0116238095238095,1
2001-10-01,88.08,-0.0813254901960784,-0.1106686274509804,0.0049326530612244,0.1616930232558139,-0.0755887096774193,-0.0968928571428571,-0.0926073170731707,0.0274555555555555,0.0318688524590163,-0.0490406779661016,-0.0841305084745762,-0.1978437499999999,1
2001-12-01,87.95,-0.0173881355932203,-0.0625181818181818,0.1242078125,0.0727244897959183,0.0262517857142857,0.1050466666666666,-0.0253936507936507,0.1792296296296296,0.092153448275862,-0.0105796296296296,0.0048311688311688,-0.1807808510638297,1
2002-01-01,88.0,-0.032926923076923,0.0377480769230769,0.1451636363636363,0.1303759259259259,0.0951596774193548,0.0519121951219512,0.0974169491525424,0.1786684210526316,0.1160035714285714,0.1291928571428571,-0.0485728395061728,0.149865306122449,0
2002-03-01,88.12,0.0884120689655172,0.125128,0.2167785714285714,0.2432551020408162,0.1576962962962963,0.1850347826086956,0.0710839285714285,0.1358297872340425,0.0591693548387096,0.0790033898305084,-0.0269387096774193,0.116909375,0
2002-05-01,88.27,0.1389,0.2026038461538461,0.1807066666666666,0.1778068965517241,0.1948416666666666,0.0652,0.160303448275862,0.1210851063829787,0.1690016129032257,0.03905,0.0858274193548387,0.1949275862068965,0
2002-06-01,88.39,0.1212376811594202,0.1303586956521739,0.1901386363636363,0.195262,0.0254315789473684,0.0771290909090909,0.1477287878787878,0.1816377358490566,0.1483890624999999,0.0145370967741935,0.1092515625,0.1670733333333333,0
2002-07-01,88.47,0.1297793103448276,0.1458897959183673,0.1835075471698113,0.0687508771929824,0.0383538461538461,0.0444076923076923,0.1294758064516129,0.1346285714285714,0.1322016393442623,0.0659859649122806,0.0492532467532467,0.0866166666666666,0
2002-09-01,88.66,0.0680090909090909,0.1295830769230769,0.2622709677419354,0.1038859649122807,-0.0187365079365079,0.1394372549019608,0.1452953125,0.1551433962264151,0.105931343283582,0.0096457627118644,-0.0128441176470588,-0.0457047619047619,0
2002-10-01,88.81,0.1639173076923077,0.0262559999999999,0.1434037037037037,-0.0603507462686567,0.1080112903225806,-0.0481148936170212,-0.0392,0.1846207547169812,0.1027818181818182,0.0328910714285714,-0.0838124999999999,-0.0976023255813953,0
2002-12-01,88.86,0.0554417910447761,0.1100244444444444,0.1865842105263157,0.0601754385964912,0.0457591549295774,-0.0126354166666666,-0.0368894736842105,0.0848226415094339,0.0655268656716417,0.0878327868852458,-0.0059969696969696,0.065576,0
2003-01-01,89.09,0.0737854545454545,0.0865075471698113,0.26694,0.0971702127659574,0.0388809523809523,0.0908462962962963,0.0932982758620689,0.1577022222222222,0.1336067796610169,0.0687403225806451,-0.067831506849315,0.1225244897959183,0
2003-03-01,89.09,-0.0153193548387096,0.019511475409836,0.1410913793103448,0.0761125,0.0567738461538461,0.0467309523809523,0.0814953125,-0.0433696428571428,0.0866212121212121,0.0840706896551724,0.0250557894736842,0.0796529411764705,0
2003-05-01,89.18,0.0454518518518518,0.0140947368421052,0.0387863636363636,0.0803186440677966,0.0278999999999999,0.0327755555555555,-0.0970242857142857,0.1340292682926829,0.0594564516129032,0.087705,-0.0058141025641025,0.0055048780487804,0
2003-06-01,89.24,0.039666129032258,0.170591304347826,0.2561,0.1045327272727272,0.0279086206896551,0.0382,0.0296708333333333,0.0572367346938775,0.1324477611940298,0.1292983050847458,0.03285625,0.0009595238095238,0
2003-07-01,89.41,0.1326489795918367,0.3086833333333333,0.2336115384615385,0.1286864406779661,0.0698230769230769,0.107724074074074,0.0898689189189189,0.1274463414634146,0.194096923076923,0.2160852459016393,0.0052123711340206,0.1523733333333333,0
2003-09-01,89.68,0.0910984126984127,0.15818125,0.2451551724137931,0.1177471428571428,0.1161351851851852,0.0524653061224489,0.1518985074626865,0.1489882352941176,0.1067121212121212,0.1642650793650794,0.1143587628865979,0.2753893617021277,0
2003-10-01,89.94,0.0657931034482758,0.227206976744186,0.2355729166666666,0.0597098360655737,0.037156923076923,0.1384265306122449,0.1936485294117647,0.2169833333333333,0.1586870967741935,0.1598852459016393,0.0949639534883721,0.2334358490566038,0
2003-12-01,90.38,0.1440387096774193,0.2276632653061225,0.2070781818181818,0.0708805970149253,0.2215919999999999,0.2423307692307691,0.1640873417721519,0.207572,0.24225873015873,0.1835057971014492,0.154058064516129,0.2004085106382979,0
2004-01-01,90.58,0.2180770833333333,0.2839217391304348,0.2603788461538462,0.1640965517241379,0.2989365384615383,0.2772979591836734,0.1737824561403508,0.2042261904761904,0.1900164179104477,0.1746174603174602,0.1005954545454545,0.2418106382978722,0
2004-03-01,90.97,0.1418816666666666,0.2292675000000001,0.2336935483870968,0.1164124999999999,0.2320310344827586,0.1705367346938775,0.222238028169014,0.2114642857142857,0.1914706896551723,0.137201724137931,0.1054999999999999,0.180851923076923,0
2004-05-01,91.51,0.1854152173913043,0.2061977272727272,0.2271618181818182,0.1712578124999999,0.2201767857142857,0.067775,0.1830707692307691,0.2482130434782608,0.1854833333333332,0.1606499999999999,0.1227700934579439,0.2430666666666667,0
2004-06-01,91.71,0.1983538461538462,0.2489365384615385,0.1595966101694915,0.1656746031746031,0.1922913793103448,0.154722,0.1963121621621621,0.2919,0.2382578124999999,0.1532666666666666,0.1065694117647058,0.2346883720930233,0
2004-07-01,91.93,0.1587265306122449,0.2042326086956521,0.226208,0.1616283333333333,0.112126923076923,0.2553188679245283,0.1667328124999999,0.2219227272727273,0.1861826086956521,0.1690677966101694,0.1132312499999999,0.2634808510638298,0
2004-09-01,92.34,0.0685291666666666,0.1481702127659574,0.1999711538461538,0.0190266666666666,0.077935,0.14361,0.1822743243243243,0.2182754716981132,0.2094924242424241,0.1498222222222222,0.0885894736842105,0.2752325581395348,0
2004-10-01,92.57,0.1885795918367347,0.2082999999999999,0.2681916666666666,0.0694964285714285,0.2389367346938775,-0.1172551020408163,0.1613571428571428,0.2496186046511627,0.1494530303030302,0.1435901639344262,0.2066848837209302,0.2309463414634145,0
2004-12-01,92.96,0.1496945454545454,0.2931018867924528,0.2163362068965517,0.1344365079365079,0.1823333333333333,0.075278,0.1819133333333333,0.1873245283018868,0.2064548387096773,0.1239365079365079,0.1422702127659574,0.2655044444444444,0
2005-01-01,93.2,0.2252924528301886,0.3597808510638298,0.2254081632653061,0.0957696428571428,0.2326410714285713,0.2837145833333332,0.1841031746031746,0.266006976744186,0.1537571428571428,0.1616838709677419,0.1781715909090909,0.379788679245283,0
2005-03-01,93.64,0.1422258620689655,0.1245545454545454,0.1787204081632653,0.1682803571428571,0.20701,0.3036666666666666,0.0972132352941176,0.1937340425531914,0.1612875,0.1317953846153846,0.127622,0.2462723404255319,0
2005-05-01,94.14,0.2082854545454545,0.2220434782608695,0.2193735849056603,0.1423862068965517,0.1594666666666667,0.2392619999999999,0.1430499999999999,0.1688372093023256,0.1806718309859153,0.2080982758620689,0.148626582278481,0.2604731707317073,0
2005-06-01,94.41,0.1084274193548387,0.2696553191489361,0.176936,0.1463564516129032,0.2482467741935483,0.2766688888888889,0.115576119402985,0.1408958333333333,0.1268537313432836,0.1629608695652173,0.1749811111111111,0.2799024390243902,0
2005-07-01,94.68,0.1326244897959183,0.1223136363636363,0.2391673469387754,0.1844509803921568,0.2669421052631578,0.2179115384615384,0.2085153846153845,0.1670522727272727,0.1769211267605633,0.2030454545454544,0.17215,0.3177947368421052,0
2005-09-01,95.11,0.0896841269841269,0.1752951219512195,0.1704672413793103,0.0734737704918032,0.3377233333333332,0.1712792452830187,0.1840746478873239,0.1280132075471698,0.221660294117647,0.1411107692307692,0.0959844444444444,0.3324162162162162,0
2005-10-01,95.33,0.1070627450980392,0.1960720930232558,0.2404283333333333,0.1532054545454545,0.2705457627118643,-0.0956306122448979,0.1162029411764705,0.1544045454545454,0.1029014925373134,0.1195174603174603,0.0740940677966101,0.245145,0
2005-12-01,95.88,0.1886758064516129,0.239804347826087,0.1925928571428572,0.2152265306122449,0.2692946428571429,0.1968910714285714,0.1145984126984126,0.12068,0.1667757575757576,0.1614058823529411,0.1333446601941748,0.2979375,0
2006-01-01,96.21,0.3177799999999999,0.1965348837209302,0.2738211538461538,0.2385833333333333,0.2812683333333333,0.1923377049180327,0.1890275362318839,0.1100581395348837,0.1932796874999999,0.1009206349206349,0.1530307692307693,0.2746279069767442,0
2006-03-01,96.8,0.17808,0.2421555555555556,0.2280916666666667,0.0993384615384615,0.2773272727272727,0.1157873015873015,0.1379932432432432,0.1940541666666667,0.1017403225806451,0.1019030303030303,0.1452721153846153,0.2465076923076923,0
2006-05-01,97.3,0.1437701754385965,0.1174702127659574,0.2071377358490566,0.1428,0.1867032786885246,0.1358967213114753,0.1660086419753086,0.2116731707317073,0.1747262295081966,0.0787016666666666,0.1742285714285714,0.2393658536585365,0
2006-06-01,97.48,0.1599521739130435,0.1779547619047619,0.1896033898305084,0.1418694915254237,0.2228,0.0978301587301587,0.1415696202531645,0.1520304347826087,0.2127968253968253,0.098885,0.0959975609756097,0.2003199999999999,0
2006-07-01,97.66,0.1687413793103447,0.1811568181818182,0.1888980392156862,0.1049920634920634,0.1087637931034482,0.0846983050847457,0.1458626666666667,0.1551131578947368,0.1394144927536231,0.0742379310344827,0.0288872093023255,0.2356295454545454,0
2006-09-01,98.14,0.12995,0.0951928571428571,0.1302537037037037,0.1373186440677966,0.0623119402985074,0.0432981818181818,0.1743130434782608,0.1316191489361702,0.1510999999999999,0.1354237288135593,0.0460537634408601,0.2055904761904761,0
2006-10-01,98.31,0.1331754385964912,0.1237829268292683,0.2109960784313724,0.0910548387096774,0.1195485714285713,0.1698545454545455,0.1346701492537313,0.1645947368421053,0.1467470588235293,0.1614688524590163,0.1889977011494252,0.1500142857142857,0
2006-12-01,98.78,0.189616883116883,0.1759931818181818,0.194851724137931,0.1268090909090909,0.1409683333333333,0.10844,0.1098657142857142,0.1534212765957447,0.2080492063492063,0.1832849999999999,0.1230358695652173,0.1977644444444444,0
2007-01-01,98.97,0.1472633333333333,0.092068085106383,0.2172462962962962,0.1485619718309859,0.2396920634920634,0.2269749999999999,0.1037463768115942,0.15826,0.1036516666666666,0.1634771428571428,0.1530311111111111,0.2909044444444444,0
2007-03-01,99.51,0.0770638888888888,0.104195652173913,0.1279830188679245,0.1217234374999999,0.0942650793650793,0.108475,0.1111133333333333,0.1901239130434782,0.0864784615384615,0.089675,0.1353636363636363,0.1625875,0
2007-05-01,99.94,0.1203761904761905,0.1562113636363636,0.2076520833333333,0.1477854838709677,0.062225,0.0941744680851063,0.0708415384615384,0.2370904761904762,0.133186567164179,0.1814213114754098,0.2018903225806452,0.1602214285714286,0
2007-06-01,100.0,0.1267936507936508,0.1708521739130435,0.2020050847457626,0.107384,0.1765923076923076,0.0894631578947368,0.0751782608695652,0.1073519999999999,0.1508397058823529,0.2164571428571429,0.1338732673267327,0.2111380952380952,0
2007-07-01,100.11,0.138535294117647,0.2119767441860465,0.27010625,0.1366,0.1208733333333333,-0.0218303571428571,0.0825788732394366,0.1594948717948718,0.1871484375,0.110550847457627,0.1088827956989247,0.1321292682926829,0
2007-09-01,100.38,0.0577030303030303,0.0417519999999999,0.1477731343283582,0.1195679999999999,0.0857723076923077,0.0221333333333333,0.0387842105263157,0.0778923076923077,0.1531691176470587,0.1597160714285714,0.0967864583333333,0.2758976190476191,0
2007-10-01,100.53,0.1023714285714285,0.0693738095238095,0.129011475409836,0.0742443037974683,0.1507812499999999,0.0093553571428571,0.0813853333333333,0.1943277777777778,0.1501999999999999,0.1366859375,0.108470731707317,0.1844538461538461,0
2007-12-01,100.72,0.1049,0.1763068181818182,0.2401999999999999,0.1259428571428571,0.1650448717948717,0.0587999999999999,0.0757116883116883,0.1389951219512195,0.2064596774193548,0.2242709677419354,0.03666,0.1730195121951219,0
2008-01-01,100.87,0.1238076923076923,0.0797560975609756,0.2267086956521739,0.0647894736842105,0.0886142857142857,0.0706372881355932,0.1021833333333333,0.1163323529411764,0.2194855072463767,0.1021344262295081,0.1625137499999999,0.0964181818181818,0
2008-03-01,101.02,0.0622028571428571,0.0131780487804878,0.059866129032258,0.0934075,0.0329676923076923,0.0308529411764705,0.0925075757575758,0.1455478260869565,0.1524712121212121,0.0950581818181818,0.0544866666666666,-0.0086975,0
2008-05-01,100.99,0.1161426470588235,0.0304326530612244,0.1182704225352112,0.1337987179487178,0.0792567164179104,0.0664732142857142,0.010110294117647,0.1243666666666666,0.1220382352941176,0.0685862068965517,0.0161767123287671,0.0425756097560975,1
2008-06-01,100.94,0.0027367647058823,-0.0078162790697674,0.1133999999999999,0.1197934210526316,0.1221533333333333,-0.0127739999999999,0.026590625,0.0914595744680851,0.1532437499999999,0.1527048387096774,0.0573414634146341,0.0070523809523809,1
2008-07-01,100.88,0.0832671641791044,-0.0150611111111111,0.0535758064516129,0.1063684210526315,0.0295463768115941,-0.0250977777777777,0.0153897058823529,0.1150818181818181,0.1251898550724638,0.0969072727272727,0.0863012658227848,0.0300024390243902,1
2008-09-01,100.64,0.11605,0.0302867924528301,0.0168275862068965,0.1096277108433734,0.0647728571428571,-0.1023166666666666,0.0539914285714285,0.0764479166666666,0.1544414285714285,0.114135,0.0331876404494382,-0.0828044444444444,1
2008-10-01,100.34,0.0034309859154929,-0.029731914893617,0.0948423728813559,0.0488207792207792,0.0237961038961038,-0.0577183673469387,0.0250953125,0.0708825,0.0486945945945945,0.0654710144927536,-0.0707674418604651,-0.0635680851063829,1
2008-12-01,99.6,-0.0732486486486486,-0.0042185185185185,0.041353448275862,0.0269170731707317,-0.0354684210526315,-0.0938690909090909,0.0013243243243243,0.1473588235294118,0.0285709677419354,-0.0229915254237288,-0.0765658823529412,-0.0852847826086956,1
2009-01-01,99.15,0.0304208333333333,-0.0404584905660377,0.0648983333333333,0.0144641025641025,0.0500571428571428,-0.0836208333333333,-0.0110999999999999,0.0198666666666666,0.0520636363636363,-0.0034611940298507,-0.0805802083333332,-0.1299744186046511,1
2009-03-01,98.19,0.0430926470588235,-0.0013728813559321,0.0174828571428571,0.05564,-0.0246560606060605,-0.1851,-0.0597409836065573,0.0478409090909091,-0.0032911764705882,0.0094962962962963,-0.0348715789473684,-0.0675127659574468,1
2009-05-01,97.5,0.1385477611940298,0.0282490566037735,0.0809550724637681,0.0530329411764705,0.05077875,-0.074106976744186,0.029225,0.0525511111111111,0.0240863636363636,-0.0085543859649122,-0.09132,-0.1138318181818182,1
2009-06-01,97.31,0.0993797297297297,0.0565333333333333,0.0966786885245901,0.0042293333333333,0.0905541666666667,-0.0337108695652173,-0.043491304347826,0.0233132075471698,0.0424698412698412,0.0406285714285714,0.0453147368421052,-0.0203046511627906,1
2009-07-01,97.21,0.0650313953488372,0.0703096153846153,0.1499649122807017,-0.0123146341463414,0.0920295774647887,-0.0503279999999999,0.0132166666666666,0.0116853658536585,0.0338373134328358,0.0644081967213114,-0.0878572916666666,-0.0859377777777778,1
2009-09-01,97.04,0.0974556962025316,0.0394254901960784,0.1327624999999999,0.0312058823529411,0.1710928571428571,0.0215410714285714,0.0777142857142857,0.0980617021276595,0.1386855072463768,0.071955737704918,-0.0234180722891566,-0.1494295454545454,1
2009-10-01,96.99,0.0976824324324324,-0.01255,0.1222033898305084,0.0451333333333333,0.2113902777777777,0.0208481481481481,0.1772743243243243,0.0441391304347826,0.1318073529411764,-0.0004887096774193,-0.0698075,0.0361302325581395,1
2009-12-01,97.14,0.1427740259740259,0.0200725490196078,0.1760448275862068,0.0113487804878048,0.0941681818181818,0.050624,0.1496605263157895,0.0465301886792452,0.1464725806451612,0.1212333333333333,0.0768078947368421,0.0575673913043478,0
2010-01-01,97.29,0.1943114285714285,0.0523999999999999,0.2074431034482758,0.07000375,0.1374972222222222,0.1675428571428571,0.1210738461538461,0.0977684210526316,0.1205777777777777,0.0694864406779661,0.1180395061728394,0.0488681818181818,0
2010-03-01,97.5,0.1598986486486486,0.1068081967213114,0.1551723076923077,0.1523850574712643,0.0258868421052631,0.0536444444444444,0.1043573770491803,0.0903115384615384,0.1120734375,0.1303907692307692,0.0603444444444444,0.0542511111111111,0
2010-05-01,98.19,0.1743328571428571,0.1179633333333332,0.1885275862068965,0.1490024691358025,0.1504671428571428,0.0946,0.1957298245614035,0.0566659090909091,0.1258349206349207,0.1947236111111111,0.1649457831325301,0.0799369565217391,0
2010-06-01,98.39,0.246598611111111,0.1626929824561403,0.2286506849315068,0.1642927710843373,0.1738481012658227,0.1134120689655172,0.1879603448275862,0.1915666666666667,0.1724515151515151,0.2139830769230768,0.1109506024096385,0.1207181818181818,0
2010-07-01,98.53,0.1600391891891891,0.1671254237288135,0.1228227272727272,0.0929717948717948,0.1758714285714284,0.0643509803921568,0.13287,0.1320447368421053,0.1150915492957746,0.164060606060606,0.158856626506024,0.0934367346938775,0
2010-09-01,98.77,0.1469788235294117,0.0855733333333333,0.1212074626865671,0.1059072289156626,-0.01294,0.0464999999999999,0.1752944444444444,0.0958980769230769,0.139465,0.0972111111111111,0.0943666666666666,0.1199829787234042,0
2010-10-01,99.05,0.1302703125,0.1124020408163265,0.1529522388059701,0.1207597560975609,0.1401231884057971,0.0188624999999999,0.1683847457627118,0.1630682926829268,0.1724115942028985,0.1770920634920634,0.1295208791208791,0.1248673913043478,0
2010-12-01,99.51,0.1891805555555555,0.1549653846153846,0.168965625,0.0923369565217391,0.1451385542168675,0.2298836363636363,0.197911475409836,0.1487634615384615,0.1919746031746031,0.2193491525423728,0.1520784946236559,0.1039851063829787,0
2011-01-01,99.7,0.2179464788732393,0.1521169811320754,0.1304253731343283,0.1046694736842104,0.2126337837837838,0.0590637931034482,0.2138749999999999,0.1597461538461538,0.3107015384615383,0.2417350000000001,0.176006329113924,0.1284020833333333,0
2011-03-01,100.2,0.1609227272727273,0.1309549019607843,0.1750566666666666,0.1099574712643677,0.1865487499999999,0.1914631578947368,0.2111619047619047,0.0933439999999999,0.1696859375,0.1504746031746031,0.2176134146341463,0.1147708333333333,0
2011-05-01,100.71,0.1274824324324323,0.1454796610169491,0.1672955882352941,0.1000188888888888,0.1738184210526315,0.1267440677966101,0.1529031746031745,0.1434857142857143,0.1205090909090909,0.1620016393442622,0.1435048192771084,0.059688,0
2011-06-01,100.91,0.1714115942028985,0.0600079365079365,0.157107042253521,0.1094923076923077,0.1847359999999999,0.0374651515151515,0.1114892307692307,0.1451775510204081,0.2171725806451612,0.218122033898305,0.1977249999999999,0.1780145833333333,0
2011-07-01,101.12,0.0348671875,0.0691892857142857,0.1655857142857142,0.051640625,0.094037037037037,0.117941935483871,0.0498083333333333,0.2206297297297297,0.1144688524590164,0.1923057142857143,0.1765963855421686,0.0372326530612245,0
2011-09-01,101.58,0.0281347826086956,0.0836288461538461,0.1229945454545454,0.0611891304347826,-0.0024987179487179,0.0039542372881355,0.0407983606557377,0.19569375,0.1606599999999999,0.077053125,0.1435883116883116,0.0509729166666666,0
2011-10-01,101.91,0.125290410958904,0.1527435483870967,0.122360606060606,0.0937354838709677,0.0786418604651162,0.1310367647058823,0.0977238095238095,0.1335371428571428,0.159689552238806,0.12435,0.03134,0.0376595744680851,0
2011-12-01,102.45,0.1027875,0.0977613636363636,0.1776013333333333,0.0909532608695652,0.057747619047619,0.0743367647058823,0.067070909090909,0.0868212765957446,0.1716892307692307,0.2093018518518518,0.0919936708860759,0.0595591836734693,0
2012-01-01,102.82,0.1813253333333333,0.2582901960784314,0.1434092307692308,0.1008210526315789,0.0883467391304348,0.2221527027027026,0.2438374999999999,0.1423657142857143,0.1795015625,0.16584375,0.1338955056179774,0.0563695652173913,0
2012-03-01,103.44,0.2224362499999999,0.2000579999999999,0.2676902777777777,0.1301364583333333,0.1379273809523809,0.3032672131147541,0.15224,0.1452173913043478,0.1421838235294117,0.1267651515151515,0.2260919540229885,0.134982,0
2012-05-01,103.88,0.2427852941176471,0.2446117647058823,0.2343878787878787,0.1257,0.20556875,0.234160294117647,0.2861230769230768,0.2120307692307692,0.1504794520547945,0.3560866666666667,0.1925267441860464,0.224264,0
2012-06-01,104.07,0.137375,0.170898245614035,0.2890460317460318,0.1141680412371133,0.1944639999999999,0.2169477611940298,0.1573620689655172,0.1914276595744681,0.1737507462686567,0.1891042857142857,0.1549862068965517,0.1967452830188679,0
2012-07-01,104.3,0.1656951612903225,0.143925,0.1923721311475409,0.0822968421052631,0.0955636363636363,0.1666937499999998,0.1306920634920635,0.2834710526315789,0.1628609375,0.1739419354838709,0.1762297619047619,0.1453775510204081,0
2012-09-01,104.9,0.0526911392405063,0.2004,0.2017463768115941,0.1251448275862068,0.2034858974358974,0.1908194805194804,0.2062942307692307,0.2190163265306122,0.1625028985507245,0.2182793650793651,0.1282717647058823,0.1201808510638298,0
2012-10-01,105.1,0.1661015384615384,0.0716,0.2219522388059701,0.0633939999999999,0.1100780487804878,0.1932421874999999,0.0938303571428571,0.2993674999999999,0.1709432835820895,0.1210569230769231,0.1733415730337078,0.114576923076923,0
2012-12-01,105.56,0.114080303030303,-0.0834867924528302,0.1201833333333333,0.0619656862745098,0.0898349999999999,0.1993382352941176,0.1693883333333334,0.2092458333333333,0.1469462686567164,0.1378738461538461,0.0586559523809523,0.1570288888888889,0
2013-01-01,105.82,0.1059575757575757,0.0494551020408163,0.2329492753623188,0.0686432989690721,0.1431168674698795,0.3137559322033897,0.1595114285714285,0.1907131578947369,0.1650794520547944,0.2204844827586206,0.120793023255814,0.1669038461538461,0
2013-03-01,106.54,0.1969375,0.2325096153846154,0.253953125,0.0822019607843137,0.2098292682926828,0.2333968749999999,0.1111558823529411,0.2160607843137254,0.1759588235294116,0.2210193548387095,0.1088721518987341,0.1787185185185185,0
2013-05-01,107.04,0.2010057142857143,0.226615909090909,0.2953738461538461,0.0705153846153846,0.1330164556962025,0.2606536231884058,0.1232985294117646,0.2704055555555555,0.2060575757575756,0.1954384615384615,0.1831988764044944,0.1571555555555555,0
2013-06-01,107.29,0.1219970588235294,0.284142,0.3318014285714283,0.1021981651376146,0.2078399999999999,0.285890625,0.1094590909090909,0.2645285714285714,0.2018475409836065,0.2888983870967742,0.2170209876543209,0.0737163636363636,0
2013-07-01,107.61,0.1607476923076922,0.136395652173913,0.1966014084507042,0.10623125,0.1449534090909091,0.2800857142857143,0.1980357142857143,0.3050435897435897,0.1874328358208955,0.1292575757575757,0.1863847058823529,0.1202672727272727,0
2013-09-01,108.15,0.1910957446808511,0.1147545454545454,0.2047232876712328,0.1273767857142857,0.1717180722891565,0.1385540983606557,0.1765203389830508,0.3059755555555554,0.1771641791044775,0.1406014925373135,0.2304093333333333,0.1490285714285714,0
2013-10-01,108.4,0.1591289855072463,0.1577089285714286,0.2523973333333333,0.1108971153846153,0.1926202127659575,0.2282199999999999,0.1087444444444444,0.2841219512195123,0.167923611111111,0.1894205882352941,0.1809781609195402,0.1199366666666666,0
2013-12-01,109.07,0.1772974358974358,0.130774074074074,0.2263987012987012,0.1361711538461537,0.1676099009900989,0.2937571428571429,0.1625968253968254,0.2928130434782607,0.1935611940298507,0.2072409836065573,0.1780755319148936,0.1638590163934426,0
2014-01-01,109.35,0.1560089552238806,0.1442188679245283,0.2893746478873238,0.1260117117117117,0.1716818181818181,0.2680953125,0.2111483870967741,0.1985707317073171,0.2127532258064516,0.0946666666666666,0.2613609195402298,0.1838,0
2014-03-01,109.85,0.1312973333333333,0.1164705882352941,0.0956478873239436,0.0718288461538461,0.1993553191489362,0.1556296874999999,0.0957720588235294,0.168335294117647,0.1749984615384615,0.2612533333333334,0.1637297872340425,0.1249999999999999,0
2014-05-01,110.59,0.1747791666666666,0.0820528301886792,0.2107706666666668,0.0733257731958763,0.122281111111111,0.2115676470588234,0.1615016666666667,0.137175,0.1690656249999999,0.2741621212121212,0.1933072289156626,0.1762833333333333,0
2014-06-01,111.03,0.2093629629629629,0.127512,0.1463729411764705,0.1677810526315789,0.1945918367346938,0.3055875,0.1738615384615384,0.28206875,0.1198353846153846,0.3258698412698412,0.1805744444444444,0.1886474576271186,0
2014-07-01,111.27,0.183925,0.2098415094339621,0.234867469879518,0.1278447619047619,0.1750475247524751,0.2425385714285714,0.2024149999999999,0.2780183673469387,0.16184375,0.2452650793650792,0.2152023809523809,0.143565625,0
2014-09-01,111.99,0.2318022988505746,0.2357938775510204,0.2909895348837208,0.1401663265306122,0.1685070707070706,0.1745514705882352,0.1526265625,0.2330557692307692,0.1811560606060605,0.2344274193548386,0.2561999999999999,0.1466114754098361,0
2014-10-01,112.37,0.2576,0.1663254901960784,0.26719012345679,0.1506427083333334,0.1615673913043478,0.2357499999999999,0.2028451612903224,0.227941304347826,0.1236078125,0.2495249999999998,0.2402848101265823,0.215055737704918,0
2014-12-01,113.06,0.2166051282051281,0.1488411764705882,0.2675785714285714,0.1861587628865979,0.1965828282828282,0.2381099999999999,0.1488393442622951,0.1783571428571428,0.1855682539682538,0.2079539682539682,0.247925,0.1967711864406779,0
2015-01-01,113.29,0.2320943661971831,0.2078078431372549,0.2130928571428571,0.1487863157894737,0.2272297872340424,0.299031818181818,0.1577425925925926,0.17241875,0.1567358208955223,0.1522531249999999,0.1381547619047619,0.150445588235294,0
2015-03-01,113.97,0.1857217948717949,0.2171489795918368,0.2953266666666667,0.088277,0.12490206185567,0.2136833333333333,0.1246650793650794,0.2139936170212766,0.1047630769230769,0.2355954545454544,0.1470421686746988,0.1884707692307691,0
2015-05-01,114.54,0.1870199999999999,0.0468021276595744,0.2309513513513513,0.0351940594059406,0.1339816326530611,0.2083369863013698,0.1922779661016949,0.0858849056603773,0.1306078124999999,0.1840068965517241,0.1193628205128204,0.1327126984126984,0
2015-06-01,114.95,0.1773311688311688,0.0547274509803921,0.2558940298507463,0.1337323809523809,0.2091989247311828,0.2544761904761904,0.1777338709677418,0.208904,0.1771093749999999,0.2188620689655171,0.1713313953488372,0.1241381818181818,0
2015-07-01,115.28,0.2211814285714285,0.1452679245283019,0.1991563636363635,0.1238424528301886,0.2008656249999999,0.2498805970149252,0.1023418181818181,0.238686,0.2138304347826086,0.1809887096774193,0.1294298850574712,0.2179090909090908,0
2015-09-01,115.87,0.1913263157894735,0.112888679245283,0.2367166666666666,0.1164948453608247,0.2099855670103092,0.2299249999999999,0.1207842105263158,0.1861413793103449,0.1983923076923077,0.1795169491525423,0.0836105263157894,0.1109035714285714,0
2015-10-01,116.18,0.2004666666666666,0.1441489795918367,0.265253846153846,0.1270202247191011,0.1248184782608695,0.2106309090909091,0.1553,0.1653785714285714,0.0970465517241379,0.1151941176470588,0.0404184210526315,0.0699272727272727,0
2015-12-01,116.79,0.2061022222222221,0.0955938775510204,0.2552414285714285,0.0772682692307692,0.1178659793814433,0.190527868852459,0.108622033898305,0.1375725490196079,0.0720757142857142,0.1666283333333333,0.0869283950617284,0.1847345454545454,0
2016-01-01,117.12,0.2207426829268292,0.0412875,0.298453846153846,0.0951128712871287,0.2004760869565217,0.221859649122807,0.1143740740740741,0.2171166666666667,0.1315173913043478,0.1321887096774193,0.1058479999999999,0.1394056603773585,0
2016-03-01,117.61,0.2062602564102563,0.0382122448979591,0.1804761904761904,0.1097119266055045,0.1299687499999999,0.15588,0.0968338983050847,0.1959169811320755,0.1153411764705882,0.086,0.0078093333333333,0.05549,0
2016-05-01,118.21,0.1646654761904761,0.1080869565217391,0.3121288135593219,0.0896137614678899,0.1825239130434782,0.1801046153846153,0.1892230769230769,0.2367320754716981,0.0507422535211267,0.1739032258064515,0.096052,0.1293673076923077,0
2016-06-01,118.42,0.1830111111111111,0.0229680851063829,0.1799249999999999,0.1366599999999999,0.1815329787234041,0.1795925373134328,0.2301629032258063,0.19348125,0.0376183098591549,0.1490145454545454,0.1081882352941176,0.1410931034482758,0
2016-07-01,118.79,0.1519183098591549,0.0472803921568627,0.1130677419354838,0.1398722772277227,0.156190909090909,0.1176870967741935,0.2207351851851852,0.2693857142857143,0.1033164383561643,0.2898374999999999,0.1498012195121951,0.156190909090909,0
2016-09-01,119.28,0.0660542857142857,0.0357814814814814,0.1953738461538461,0.1034127450980392,0.1138053191489361,0.1426749999999999,0.1724350877192983,0.1479327272727272,0.0201078947368421,0.1257374999999999,0.1559057142857142,0.1512927272727273,0
2016-10-01,119.59,0.1886587301587301,0.0858931034482758,0.2134035714285714,0.067681,0.0485545454545454,0.1083196721311475,0.1540223880597015,0.2070358490566038,0.0803417910447761,0.1674283333333333,0.1918942857142857,0.1316438596491228,0
2016-12-01,120.19,0.1408454545454545,0.0738711538461538,0.2339945454545454,0.1003068965517241,0.0767068965517241,0.1597818181818181,0.1681181818181818,0.1363523809523809,0.1249183098591548,0.1643271186440678,0.1597969696969697,0.1889725490196078,0
2017-01-01,120.46,0.2392343749999999,0.0767677966101694,0.2562793103448275,0.116908,0.2263202898550725,0.164308064516129,0.2572980769230769,0.1673949152542373,0.1208258064516129,0.1901060606060605,0.1803863636363636,0.280903846153846,0
2017-03-01,121.15,0.1008671875,0.1480265625,0.2127892857142857,0.1806014492753622,0.2027987341772151,0.208924193548387,0.2207717391304347,0.2344999999999999,0.0324615384615384,0.208810606060606,0.2082573529411764,0.1437711538461538,0
2017-05-01,121.72,0.0916278688524589,0.1276646153846154,0.1414363636363636,0.180124358974359,0.2331459459459457,0.1530176470588234,0.1581586206896552,0.1249969696969697,0.0719597014925373,0.2244363636363636,0.2212176470588234,0.2227966101694914,0
2017-06-01,122.07,0.0537283582089552,0.0583745762711864,0.1717280701754386,0.1443424657534246,0.2611585714285714,0.1861603448275862,0.2035944444444443,0.15958,0.1128304347826087,0.2737584615384614,0.2397421875,0.210005172413793,0
2017-07-01,122.35,0.2328307692307692,0.0855030769230769,0.123637037037037,0.1566888888888888,0.2020085714285714,0.1545808823529411,0.1855087719298246,0.158903125,0.0605887323943662,0.2341806451612902,0.1971166666666666,0.196178947368421,0
2017-09-01,122.86,0.109778125,0.0882548387096774,0.1965611111111111,0.1636229729729729,0.2189646153846153,0.1588571428571428,0.2174618181818182,0.1544819444444444,0.0586746478873239,0.223076923076923,0.1593144736842105,0.1383555555555555,0
2017-10-01,123.15,0.0970904761904761,0.1500737704918033,0.2721,0.1116902777777777,0.1839986666666667,0.1122676470588235,0.1687767857142857,0.1602730158730158,0.0764154929577465,0.2517111111111111,0.0695454545454545,0.2178603174603174,0
2017-12-01,123.76,0.1740905660377358,0.1308115942028986,0.1737648148148148,0.1545684931506849,0.1901684210526316,0.1967211267605633,0.1815796875,0.1531371428571428,0.1296225352112676,0.2618348484848484,0.2646815384615384,0.2154163934426229,0
2018-01-01,124.05,0.1524765624999999,0.1598166666666666,0.2232142857142857,0.2012253333333333,0.1816236842105263,0.223731746031746,0.2616457627118644,0.2075203389830508,0.1209676470588235,0.1983134328358208,0.2760409836065574,0.2259966101694915,0
2018-03-01,124.77,0.1105426229508197,0.0966666666666666,0.1300571428571428,0.264154054054054,0.1370164383561643,0.2132828124999999,0.2565963636363636,0.1578352112676056,0.2147031746031745,0.2943499999999998,0.1788075757575757,0.1731688524590164,0
2018-05-01,125.48,0.1045196721311475,0.0618584615384615,0.1678175438596491,0.1916072463768116,0.1548319444444444,0.2144807017543859,0.2947584615384614,0.2365928571428571,0.1362810810810811,0.236245,0.1357,0.070771875,0
2018-06-01,125.65,0.1845967741935483,0.110220895522388,0.1230849999999999,0.2436768115942028,0.1386133333333334,0.1665264705882353,0.2296415384615384,0.146604347826087,0.2162253731343283,0.3006999999999998,0.2398985915492957,0.0624290909090909,0
2018-07-01,126.01,0.1220431034482758,0.1683042857142856,0.1530654545454546,0.1730493333333333,0.2185917808219178,0.2100283582089552,0.2292383333333333,0.1984436619718309,0.1440061538461538,0.1898819672131147,0.1801921874999999,0.1213655172413793,0
2018-09-01,126.61,0.0889225806451613,0.1555264705882353,0.1389999999999999,0.2300955882352941,0.1780753424657534,0.2167878787878787,0.1456349206349206,0.1983301369863014,0.1667430379746835,0.2171549999999999,0.1625428571428571,0.1018745454545454,0
2018-10-01,126.81,0.0949151515151515,0.0834760563380281,0.1559129032258065,0.1687542857142856,0.0836466666666666,0.207125,0.1959955882352941,0.1911319444444444,0.0357223880597015,0.2036468749999999,0.2397999999999999,0.1533894736842105,0
2018-12-01,127.27,0.0511353846153846,0.1395833333333332,0.2196542372881356,0.2456942028985507,0.1766643835616438,0.1679539682539683,0.2196718749999999,0.1384304347826087,0.1580171875,0.2077062499999999,0.1739864406779661,0.2435338983050847,0
2019-01-01,127.55,0.1254573770491803,0.0590714285714285,0.1714407407407407,0.1715603448275861,0.225716,0.1870268656716417,0.261053448275862,0.2284117647058823,0.0506338709677419,0.0801784615384615,0.1807216666666666,0.1416719298245614,0
2019-03-01,128.12,0.0364835820895522,4.2857142857130645e-05,0.035575,0.1825293333333333,0.1447794117647058,0.2333263157894737,0.0983894736842105,0.0472724637681159,0.0612758064516129,0.2414378787878787,0.1049070175438596,0.1095225806451613,0
2019-05-01,128.82,0.1592757575757575,0.0622539682539682,0.1273999999999999,0.1662985294117646,0.1993575342465753,0.2096857142857142,0.1903735849056604,0.1601608108108108,0.0436585714285714,0.1390612903225807,0.1855333333333333,0.085271875,0
2019-06-01,129.08,0.040627868852459,0.1193984126984127,0.1677525423728813,0.1681616438356164,0.1558057971014492,0.1361746268656716,0.1193180327868852,0.0519842857142857,0.070520895522388,0.2628131147540983,0.215463492063492,0.1712238095238095,0
2019-07-01,129.27,-0.020091304347826,0.0731587301587301,0.1714651515151515,0.1626038961038961,0.2502652173913043,0.1753776119402984,0.1191894736842105,0.2083586206896552,0.0735408450704225,0.1343238095238095,0.0649937499999999,0.0925403225806451,0
2019-09-01,129.92,0.1773180555555555,0.0900117647058823,0.1239241935483871,0.08489,0.0747230769230769,0.1739703125,0.0775548387096774,0.0478426470588235,0.0727972602739726,0.1647338461538461,0.1022063492063492,0.156692,0
2019-10-01,130.1,0.1163628205128204,0.0348621212121212,0.1206296874999999,0.0877712121212121,0.1012623376623376,0.2211016393442622,0.1148626865671642,0.1247590909090909,0.0795865671641791,0.2267428571428571,0.1216970588235294,0.0466015151515151,0
2019-12-01,130.64,0.1538898550724637,0.0436258064516129,0.1597156249999999,0.1341098591549295,0.1553467532467532,0.2142666666666666,0.0638366197183098,0.0315753623188405,0.0584880597014925,0.0900688524590164,0.085596875,0.1685774193548387,0
2020-01-01,130.95,0.1937953846153845,0.1026269841269841,0.1981231884057971,0.1820999999999999,0.1774611111111111,0.2522793103448275,0.2330079365079364,0.1905926470588235,0.095380303030303,0.1336206349206349,0.1700966101694915,0.1914027397260273,0
2020-03-01,130.35,0.217893220338983,0.0670421875,0.1070590909090909,0.2060888888888888,0.2345824324324324,0.1202745762711864,0.1178515151515152,0.1645082191780821,0.1767580645161289,0.2292937499999999,0.097167213114754,0.1200901408450704,1
2020-05-01,118.24,0.0407887096774193,-0.0693983870967742,-0.0924178082191781,-0.0809894736842105,0.0698926829268292,0.0967549295774648,0.0320776315789473,-0.0124492537313432,-0.0171379310344827,-0.0096840579710144,-0.0585203124999999,-0.0246418918918918,1
2020-06-01,120.22,-0.031395652173913,0.0189435483870967,0.0020359375,-0.0643228571428571,0.0144918918918918,0.0539152777777777,0.0439109589041095,-0.0500426470588235,-0.0050225352112676,-0.0384107692307692,-0.094731081081081,0.0295792682926829,0
2020-07-01,120.84,0.117569014084507,0.0551734374999999,0.0839859375,0.0155639344262294,0.0357878378378378,0.1196249999999999,0.1445737499999999,0.0714298507462686,0.0105263888888888,0.1415117647058823,0.0601084507042253,0.058404054054054,0
2020-09-01,123.46,0.0229735294117647,0.0063133333333333,0.0177449275362318,0.0739957746478873,0.0851171052631578,0.1059838235294117,0.1921876712328766,0.1185666666666666,0.0576378378378378,0.1452897058823528,0.0561941176470588,0.0826058823529411,0
2020-10-01,124.57,0.1254970149253731,0.006376119402985,0.0606523809523809,0.1141916666666666,0.1176024691358025,0.0678811594202898,0.1554378378378378,0.1870788732394366,0.0772176470588235,0.1245703125,0.1710276923076923,0.1223474358974358,0
2020-12-01,125.23,0.0597378787878787,0.0534467741935484,-0.006334375,0.1698575342465753,0.1712243589743589,0.0753228571428571,0.2290774647887322,0.1177544117647059,0.1107424242424242,0.202742857142857,0.0490545454545454,0.1280095890410958,0
2021-01-01,125.85,0.1049359375,-0.0608338709677419,0.0399771929824561,0.0162213114754098,0.0608131578947368,0.126931884057971,0.2113749999999999,0.105172131147541,0.0865515151515151,0.1954616438356164,0.219269696969697,0.1677366197183098,0
2021-03-01,127.08,0.2186016949152542,0.0567539682539682,0.1124765625,0.1095415384615384,0.1448534246575342,0.1141576923076922,0.1440294117647059,0.0494054794520548,0.1699848484848485,0.2093014492753623,0.122278125,0.0717014925373134,0
2021-05-01,128.11,0.1726508196721312,0.1382515625,0.0634803278688524,0.2465583333333333,0.2005670886075949,0.1572808219178082,0.2210704225352112,0.1263539682539682,0.2268774193548386,0.2468652173913044,0.1695885714285714,0.1084123287671232,0
2021-06-01,128.68,0.212110606060606,0.2133548387096774,0.1167916666666667,0.1958194029850746,0.1569722222222221,0.1667932432432433,0.2225541666666665,0.1473824324324324,0.1837701492537312,0.2385631578947367,0.120845205479452,0.1419215384615384,0
2021-07-01,129.66,0.2071353846153845,0.2480524590163934,0.1067609375,0.1735649999999999,0.2261041666666666,0.1273144736842105,0.2391242857142856,0.1817294117647059,0.1986230769230768,0.3136385714285714,0.1489868421052631,0.1983130434782608,0
2021-09-01,130.98,0.0389880597014925,0.1035636363636363,0.0353459016393442,0.0555043478260869,0.1434780821917808,0.1108012987012986,0.1402113924050633,0.1742164556962024,0.1714777777777777,0.1629573529411765,0.1806246376811594,0.1152215384615384,0
2021-10-01,131.73,0.0751714285714285,0.0295446153846153,0.0419823529411764,0.1173806451612903,0.075908,0.0908402597402597,0.0952643835616438,0.137740625,0.1090074626865671,0.1694782608695652,0.2334875,0.1028701492537313,0
2021-12-01,133.14,0.1122523076923076,0.1362318181818181,0.1375079365079365,0.1512677419354838,0.1067435897435897,0.2206739130434782,0.1371702702702702,0.1408619047619047,0.1393092307692307,0.2206234375,0.1363917808219177,0.0939712328767123,0
2022-01-01,133.47,0.1730850746268656,0.0303290322580645,0.1307796610169491,0.1823733333333333,0.1588113924050632,0.1721342465753425,0.1737696969696969,0.1606828125,0.1341222222222222,0.2456289855072464,0.1703602739726027,0.1124516666666666,0
2022-03-01,134.86,0.1812134328358208,0.0148238095238095,0.1035053571428571,0.1177045454545455,0.1763735294117646,0.1955661764705882,0.1564054054054053,0.1199953846153846,0.169161111111111,0.1863206349206349,0.055840909090909,0.0634095238095238,0
2022-05-01,135.61,0.1424772727272727,0.016610447761194,0.1843725806451612,0.0734353846153846,0.1854638888888889,0.1187621621621621,0.1958632352941176,0.1502492537313432,0.1711710144927536,0.1638887323943662,0.1556573770491803,0.060604054054054,0
2022-06-01,135.98,0.0296983333333333,0.0401652777777777,0.0288378787878787,0.139369014084507,0.2472230769230769,0.1402295774647887,0.1551958333333333,0.1187,0.1728776315789473,0.1383296875,0.1005577464788732,0.1953133333333333,0
2022-07-01,136.56,0.1451797101449275,0.0458738461538461,0.046096875,0.0563716417910447,0.1739041666666666,0.1372506849315068,0.0696405797101449,0.1187661016949152,0.1735549295774648,0.190985294117647,0.0796986486486486,0.0924957142857142,0
2022-09-01,137.29,0.1288253731343283,0.0476450704225352,0.1051626865671642,0.1070952380952381,0.1438492957746478,0.1224,0.1432375,0.0052249999999999,0.1524513888888889,0.0988367647058823,0.1150428571428571,0.1002449275362319,0
2022-10-01,137.65,0.1119070422535211,0.0229174603174603,0.1263970149253731,0.13378125,0.1417918918918918,0.1915802816901408,0.1049264705882352,0.0917882352941176,0.131704109589041,0.1435378787878788,0.0352118421052631,0.0553474999999999,0
2022-12-01,138.33,0.0633461538461538,0.0099119402985074,0.0917791044776119,0.0469471428571428,0.1523219178082192,0.0838732394366197,0.0919057971014493,0.0436772727272727,0.160586301369863,0.1631415384615384,0.0713857142857143,0.040231343283582,0
2023-01-01,138.82,0.1562808823529412,0.0408157142857142,0.1216890625,0.0949442622950819,0.1119972222222222,0.1726942028985507,0.1072547945205479,0.0888766666666666,0.0524162162162162,0.086896875,0.1009971014492754,0.1514728571428571,0
2023-03-01,139.44,0.1965661016949152,0.0688305555555555,0.1049047619047619,0.1064666666666667,0.1248066666666666,0.1303144927536232,0.152880303030303,0.1400910447761194,0.07826,0.1396719298245614,0.1384257142857143,0.107956338028169,0
2023-05-01,140.1,0.1061677966101694,0.0305134328358208,0.030066129032258,0.1586806451612903,0.0463526315789473,0.1972416666666667,0.1104455882352941,0.2036666666666666,0.0662116883116883,0.1991238095238095,0.1020405405405405,0.049359375,0
2023-06-01,140.52,0.1126372881355932,0.0304850746268656,0.1117166666666666,0.0073272727272727,0.1678146666666665,0.0727642857142857,0.0739391304347826,0.0310559322033898,0.1395135135135135,0.2168907692307692,0.1109493150684931,0.0468742857142857,0
2023-07-01,140.92,0.1672624999999999,0.1251692307692307,0.1145545454545454,0.047547619047619,0.0905783783783784,0.1471694444444445,0.0852308823529411,0.0701109589041096,0.1532694444444444,0.1798790322580645,0.1046121621621622,0.0702422535211267,0
2023-09-01,141.45,0.1039761904761904,0.0708833333333333,0.1040056338028169,0.0452776119402985,0.099032894736842,0.1956070422535211,0.0933028169014084,0.064225,0.1620676056338027,0.2016999999999999,0.0038984615384615,0.0675027397260274,0
2023-10-01,141.76,0.0366172413793103,0.0967969696969696,0.1314919354838709,0.0918164179104477,0.0592914285714285,0.1497225352112676,0.0621213333333333,0.0288671641791044,0.1494648648648648,0.1292149253731343,0.1421818181818181,0.1247749999999999,0
2023-12-01,142.44,0.1261904761904762,0.0430869565217391,0.1003466666666666,0.0724953846153845,0.1485430769230769,0.1225424657534246,-0.0106985507246376,0.1174016393442623,0.1167470588235294,0.208547619047619,0.0363657142857143,0.0821115942028985,0
2024-01-01,142.77,0.1885135593220339,0.1161549295774648,0.2115584615384615,0.1241693548387097,0.0525260869565217,0.130446875,0.1215507692307692,0.2124535714285714,0.1078985915492957,0.0751157894736842,0.1241693548387097,0.0644859374999999,0
2024-03-01,143.42,0.2005283333333333,0.068738028169014,0.0200385714285714,0.1742754385964912,0.0723772727272727,0.1288057142857142,0.1178232876712328,0.0978142857142857,0.0911164556962025,0.1387640625,0.0622830769230769,0.0889986301369863,0
