Date,USPHCI,District 1,District 2,District 3,District 4,District 5,District 6,District 7,District 8,District 9,District 10,District 11,District 12
4/1/1979,46.14,0.22,9.92,11.87,16.25,-0.15,-2.42,15.90,11.08,4.86,3.98,-5.66,-5.63
5/1/1979,46.37,0.22,9.82,11.79,16.14,-0.24,-2.51,15.80,10.93,4.79,3.90,-5.73,-5.70
6/1/1979,46.50,0.30,9.79,11.79,16.09,-0.27,-2.53,15.70,10.83,4.76,3.86,-5.71,-5.65
7/1/1979,46.62,0.28,9.66,11.69,15.90,-0.29,-2.62,15.49,10.62,4.65,3.81,-5.67,-5.62
8/1/1979,46.68,0.43,9.67,11.62,15.83,-0.32,-2.54,15.23,10.52,4.59,3.83,-5.57,-5.60
9/1/1979,46.78,0.43,9.58,11.55,15.71,-0.35,-2.54,14.86,10.32,4.45,3.76,-5.54,-5.60
10/1/1979,46.87,0.44,9.53,11.53,15.65,-0.37,-2.42,14.51,10.13,4.36,3.80,-5.41,-5.58
11/1/1979,46.99,0.44,9.53,11.52,15.55,-0.42,-2.37,14.12,9.95,4.13,3.79,-5.35,-5.54
12/1/1979,47.05,0.49,9.67,11.57,15.44,-0.42,-2.35,13.83,9.78,3.91,3.77,-5.30,-5.51
1/1/1980,47.09,0.54,9.76,11.52,15.24,-0.40,-2.30,13.44,9.60,3.72,3.76,-5.19,-5.54
2/1/1980,47.19,0.51,9.77,11.32,14.82,-0.59,-2.31,12.83,9.21,3.42,3.63,-5.26,-5.61
3/1/1980,47.26,0.26,9.62,11.06,14.23,-0.85,-2.44,12.09,8.77,3.05,3.35,-5.26,-5.76
4/1/1980,47.16,0.23,9.50,10.74,13.61,-0.94,-2.42,11.38,8.41,2.81,3.23,-5.03,-5.80
5/1/1980,47.02,0.16,9.62,10.54,13.05,-0.96,-2.34,10.79,8.16,2.64,3.15,-4.84,-5.77
6/1/1980,46.92,0.04,9.63,10.25,12.52,-1.11,-2.31,10.26,7.84,2.44,2.91,-4.65,-5.79
7/1/1980,46.82,0.13,9.77,10.08,12.19,-1.12,-2.16,10.02,7.69,2.40,2.88,-4.37,-5.73
8/1/1980,46.90,0.15,9.76,10.04,12.04,-1.11,-2.16,9.90,7.60,2.30,2.85,-4.30,-5.73
9/1/1980,46.99,0.19,9.76,9.97,12.07,-1.05,-2.13,9.92,7.56,2.37,2.94,-4.21,-5.67
10/1/1980,47.11,0.34,9.87,10.27,12.18,-1.02,-2.13,10.09,7.58,2.44,3.03,-4.13,-5.63
11/1/1980,47.23,0.38,9.85,10.31,12.28,-1.02,-2.17,10.23,7.60,2.57,3.14,-4.03,-5.58
12/1/1980,47.42,0.33,9.76,10.42,12.26,-1.04,-2.26,10.29,7.55,2.62,3.17,-4.07,-5.63
1/1/1981,47.47,0.44,9.72,10.49,12.28,-1.04,-2.24,10.43,7.65,2.74,3.38,-3.93,-5.55
2/1/1981,47.62,0.33,9.67,10.47,12.21,-1.12,-2.36,10.40,7.61,2.67,3.46,-3.89,-5.62
3/1/1981,47.70,0.35,9.67,10.49,12.28,-1.15,-2.38,10.54,7.62,2.83,3.52,-3.79,-5.62
4/1/1981,47.83,0.27,9.68,10.33,12.18,-1.26,-2.43,10.62,7.60,2.84,3.62,-3.73,-5.63
5/1/1981,47.83,0.37,9.83,10.38,12.23,-1.19,-2.39,10.75,7.69,2.99,3.82,-3.56,-5.50
6/1/1981,47.97,0.24,9.88,10.39,12.18,-1.28,-2.47,10.75,7.63,2.92,3.83,-3.48,-5.60
7/1/1981,48.11,0.11,9.89,10.37,11.95,-1.41,-2.58,10.55,7.44,2.85,3.86,-3.40,-5.72
8/1/1981,48.12,-0.01,9.96,10.26,11.70,-1.43,-2.63,10.43,7.39,2.77,3.93,-3.23,-5.73
9/1/1981,48.14,-0.08,10.01,10.01,11.34,-1.51,-2.67,10.12,7.27,2.59,3.90,-3.13,-5.89
10/1/1981,48.09,-0.19,9.91,9.85,10.98,-1.69,-2.71,9.88,7.10,2.42,3.88,-2.90,-5.99
11/1/1981,48.02,-0.31,9.90,9.55,10.56,-1.78,-2.78,9.43,6.88,2.26,3.83,-2.72,-6.11
12/1/1981,47.96,-0.43,9.77,9.28,10.23,-1.91,-2.83,9.05,6.70,2.11,3.82,-2.55,-6.20
1/1/1982,47.87,-0.56,9.69,9.04,9.97,-2.00,-2.83,8.74,6.54,1.92,3.82,-2.38,-6.26
2/1/1982,47.84,-0.59,9.67,8.87,9.68,-2.02,-2.84,8.38,6.42,1.75,3.76,-2.29,-6.36
3/1/1982,47.80,-0.61,9.66,8.71,9.47,-2.06,-2.81,8.13,6.37,1.47,3.69,-2.20,-6.39
4/1/1982,47.70,-0.58,9.71,8.64,9.31,-1.98,-2.73,7.97,6.38,1.30,3.63,-2.08,-6.42
5/1/1982,47.70,-0.63,9.80,8.56,9.15,-2.01,-2.79,7.83,6.31,1.05,3.45,-2.13,-6.48
6/1/1982,47.61,-0.51,9.87,8.45,9.00,-1.95,-2.74,7.72,6.28,0.87,3.30,-2.05,-6.44
7/1/1982,47.51,-0.35,9.94,8.33,8.84,-1.86,-2.67,7.59,6.25,0.72,3.17,-2.01,-6.41
8/1/1982,47.50,-0.38,9.82,8.10,8.52,-1.88,-2.70,7.33,6.10,0.53,2.97,-2.02,-6.47
9/1/1982,47.40,-0.30,9.76,7.92,8.28,-1.82,-2.69,7.09,6.02,0.45,2.85,-2.07,-6.42
10/1/1982,47.29,-0.18,9.71,7.72,8.05,-1.78,-2.66,6.84,5.90,0.35,2.76,-2.11,-6.37
11/1/1982,47.20,-0.04,9.66,7.55,7.79,-1.71,-2.63,6.73,5.82,0.31,2.70,-2.11,-6.32
12/1/1982,47.24,0.00,9.58,7.36,7.62,-1.72,-2.63,6.65,5.72,0.29,2.64,-2.13,-6.33
1/1/1983,47.38,-0.02,9.46,7.16,7.51,-1.71,-2.73,6.57,5.56,0.24,2.50,-2.25,-6.35
2/1/1983,47.40,0.20,9.61,7.22,7.62,-1.53,-2.66,6.79,5.59,0.39,2.54,-2.26,-6.21
3/1/1983,47.53,0.44,9.63,7.25,7.67,-1.38,-2.60,6.99,5.60,0.54,2.55,-2.35,-6.09
4/1/1983,47.68,0.66,9.73,7.47,7.90,-1.19,-2.52,7.28,5.66,0.69,2.61,-2.44,-5.89
5/1/1983,47.85,0.90,9.79,7.67,8.14,-1.02,-2.47,7.55,5.73,0.90,2.76,-2.51,-5.79
6/1/1983,48.03,1.24,9.96,7.90,8.37,-0.81,-2.42,7.82,5.81,1.20,2.91,-2.53,-5.61
7/1/1983,48.37,1.33,10.00,8.02,8.60,-0.72,-2.48,8.03,5.77,1.30,2.90,-2.68,-5.64
8/1/1983,48.35,1.74,10.33,8.40,9.08,-0.41,-2.25,8.55,6.12,1.68,3.25,-2.53,-5.30
9/1/1983,48.81,1.80,10.33,8.46,9.28,-0.40,-2.28,8.72,6.21,1.69,3.20,-2.71,-5.41
10/1/1983,49.07,1.94,10.42,8.66,9.55,-0.32,-2.23,8.94,6.31,1.85,3.20,-2.77,-5.29
11/1/1983,49.34,2.10,10.63,8.88,9.79,-0.21,-2.16,9.23,6.48,1.92,3.25,-2.78,-5.20
12/1/1983,49.62,2.25,10.74,8.99,9.97,-0.12,-2.10,9.47,6.63,2.03,3.21,-2.82,-5.19
1/1/1984,49.92,2.42,10.81,9.12,10.08,-0.04,-2.07,9.55,6.72,2.09,3.21,-2.88,-5.22
2/1/1984,50.21,2.57,10.78,9.14,10.25,-0.01,-2.05,9.67,6.86,2.10,3.22,-2.88,-5.21
3/1/1984,50.45,2.76,10.88,9.28,10.27,0.03,-2.00,9.74,6.97,2.22,3.25,-2.89,-5.21
4/1/1984,50.70,2.92,10.89,9.23,10.33,-0.03,-2.04,9.83,7.07,2.26,3.20,-2.83,-5.24
5/1/1984,50.99,2.94,10.73,9.17,10.37,-0.11,-2.09,9.85,7.13,2.07,3.14,-2.88,-5.30
6/1/1984,51.27,3.08,10.58,9.02,10.34,-0.22,-2.14,9.86,7.16,2.00,3.05,-2.95,-5.37
7/1/1984,51.42,3.23,10.45,9.12,10.46,-0.20,-2.12,9.94,7.18,2.03,2.99,-2.93,-5.35
8/1/1984,51.64,3.30,10.42,9.02,10.47,-0.26,-2.15,9.86,7.25,2.04,2.98,-2.96,-5.37
9/1/1984,51.90,3.19,10.32,9.00,10.43,-0.40,-2.24,9.70,7.19,1.90,2.83,-3.08,-5.52
10/1/1984,52.08,3.28,10.37,9.06,10.42,-0.42,-2.30,9.69,7.20,1.95,2.79,-3.12,-5.53
11/1/1984,52.34,3.29,10.34,9.05,10.30,-0.51,-2.34,9.56,7.08,1.85,2.63,-3.29,-5.67
12/1/1984,52.47,3.41,10.45,9.18,10.41,-0.49,-2.32,9.53,7.09,1.79,2.54,-3.30,-5.63
1/1/1985,52.66,3.33,10.48,9.16,10.38,-0.48,-2.38,9.68,7.02,1.67,2.37,-3.37,-5.63
2/1/1985,52.83,3.26,10.43,9.10,10.29,-0.48,-2.44,9.55,6.90,1.64,2.21,-3.53,-5.66
3/1/1985,53.04,3.18,10.31,9.11,10.26,-0.52,-2.46,9.52,6.84,1.51,2.07,-3.60,-5.75
4/1/1985,53.19,3.17,10.34,9.11,10.24,-0.50,-2.47,9.43,6.79,1.46,1.97,-3.64,-5.77
5/1/1985,53.40,3.09,10.29,9.05,10.16,-0.59,-2.53,9.35,6.68,1.27,1.84,-3.73,-5.85
6/1/1985,53.51,3.12,10.37,9.17,10.05,-0.58,-2.51,9.29,6.70,1.22,1.83,-3.80,-5.83
7/1/1985,53.68,3.08,10.34,9.20,9.91,-0.64,-2.51,9.20,6.67,1.06,1.70,-3.89,-5.85
8/1/1985,53.89,3.01,10.39,9.18,9.80,-0.59,-2.54,9.17,6.58,0.95,1.60,-3.99,-5.85
9/1/1985,54.05,3.12,10.29,9.34,9.89,-0.49,-2.50,9.31,6.58,0.87,1.50,-4.12,-5.80
10/1/1985,54.21,3.14,10.34,9.39,9.93,-0.39,-2.53,9.42,6.57,0.77,1.42,-4.14,-5.76
11/1/1985,54.39,3.21,10.30,9.44,10.00,-0.30,-2.55,9.55,6.56,0.72,1.30,-4.25,-5.75
12/1/1985,54.54,3.24,10.25,9.43,10.16,-0.25,-2.59,9.68,6.55,0.63,1.13,-4.39,-5.75
1/1/1986,54.75,3.16,10.03,9.39,10.18,-0.35,-2.69,9.68,6.50,0.61,1.01,-4.45,-5.83
2/1/1986,54.78,3.24,9.99,9.42,10.22,-0.24,-2.65,9.72,6.56,0.64,0.88,-4.53,-5.75
3/1/1986,54.92,3.21,9.98,9.49,10.29,-0.26,-2.77,9.67,6.51,0.69,0.71,-4.67,-5.78
4/1/1986,55.09,3.16,9.91,9.45,10.27,-0.31,-2.87,9.65,6.38,0.61,0.49,-4.99,-5.85
5/1/1986,55.20,3.04,9.93,9.69,10.29,-0.24,-2.89,9.67,6.39,0.81,0.35,-5.21,-5.84
6/1/1986,55.29,3.08,10.04,9.82,10.32,-0.18,-2.89,9.80,6.39,0.96,0.25,-5.41,-5.75
7/1/1986,55.51,2.97,10.21,9.83,10.24,-0.20,-2.99,9.84,6.34,1.00,0.02,-5.66,-5.83
8/1/1986,55.65,3.06,10.44,10.14,10.36,-0.15,-2.98,9.98,6.35,1.13,-0.07,-5.83,-5.77
9/1/1986,55.84,3.00,10.62,10.21,10.41,-0.19,-3.00,10.12,6.31,1.21,-0.16,-6.02,-5.82
10/1/1986,56.01,3.08,10.74,10.42,10.40,-0.15,-3.00,10.23,6.33,1.28,-0.17,-6.20,-5.78
11/1/1986,56.18,3.03,10.91,10.50,10.45,-0.16,-3.03,10.31,6.31,1.25,-0.26,-6.35,-5.80
12/1/1986,56.41,2.96,10.93,10.55,10.49,-0.16,-3.07,10.24,6.22,1.06,-0.35,-6.56,-5.83
1/1/1987,56.56,3.12,11.16,10.83,10.58,-0.04,-3.02,10.30,6.23,1.12,-0.35,-6.52,-5.75
2/1/1987,56.73,3.24,11.22,10.90,10.77,-0.05,-2.96,10.31,6.24,1.12,-0.37,-6.62,-5.69
3/1/1987,56.92,3.34,11.29,11.00,10.84,0.04,-2.95,10.26,6.23,1.10,-0.37,-6.69,-5.64
4/1/1987,57.20,3.38,11.36,11.03,10.92,0.06,-2.95,10.12,6.21,1.10,-0.46,-6.84,-5.60
5/1/1987,57.37,3.51,11.43,11.02,10.99,0.15,-2.87,10.14,6.26,1.09,-0.41,-6.92,-5.52
6/1/1987,57.57,3.63,11.46,11.08,11.13,0.23,-2.86,10.18,6.34,1.02,-0.39,-7.02,-5.47
7/1/1987,57.79,3.74,11.40,11.06,11.26,0.27,-2.79,10.25,6.41,1.05,-0.33,-7.03,-5.44
8/1/1987,57.98,3.71,11.33,11.02,11.41,0.29,-2.82,10.27,6.52,1.00,-0.29,-7.12,-5.41
9/1/1987,58.18,3.80,11.33,11.05,11.57,0.26,-2.84,10.30,6.58,1.03,-0.29,-7.07,-5.44
10/1/1987,58.41,3.75,11.30,11.06,11.66,0.21,-2.85,10.41,6.67,1.10,-0.30,-7.14,-5.43
11/1/1987,58.66,3.68,11.27,10.96,11.65,0.13,-2.90,10.33,6.67,1.12,-0.35,-7.21,-5.50
12/1/1987,58.90,3.64,11.30,10.98,11.63,0.09,-2.93,10.33,6.74,1.29,-0.39,-7.27,-5.49
1/1/1988,59.05,3.55,11.35,11.01,11.54,0.10,-2.94,10.38,6.75,1.40,-0.36,-7.31,-5.48
2/1/1988,59.31,3.49,11.45,10.96,11.50,0.09,-3.00,10.36,6.75,1.49,-0.41,-7.38,-5.47
3/1/1988,59.54,3.45,11.54,11.03,11.46,0.08,-3.06,10.46,6.71,1.56,-0.43,-7.43,-5.55
4/1/1988,59.80,3.35,11.38,10.99,11.54,0.02,-3.12,10.47,6.56,1.48,-0.57,-7.53,-5.65
5/1/1988,59.96,3.31,11.31,10.96,11.59,0.02,-3.13,10.59,6.48,1.48,-0.60,-7.49,-5.66
6/1/1988,60.25,3.02,11.01,10.94,11.59,-0.09,-3.24,10.63,6.34,1.38,-0.74,-7.56,-5.77
7/1/1988,60.44,2.98,10.83,10.94,11.56,-0.07,-3.26,10.65,6.33,1.36,-0.79,-7.58,-5.80
8/1/1988,60.57,2.96,10.69,10.96,11.62,-0.02,-3.34,10.68,6.31,1.39,-0.73,-7.55,-5.77
9/1/1988,60.83,2.69,10.38,10.76,11.53,-0.10,-3.42,10.64,6.24,1.31,-0.82,-7.63,-5.85
10/1/1988,61.03,2.65,10.30,10.77,11.59,-0.13,-3.50,10.63,6.23,1.30,-0.89,-7.70,-5.79
11/1/1988,61.28,2.45,10.08,10.77,11.63,-0.15,-3.52,10.77,6.26,1.26,-0.92,-7.76,-5.83
12/1/1988,61.49,2.41,9.99,10.81,11.72,-0.10,-3.62,10.89,6.32,1.36,-0.89,-7.78,-5.77
1/1/1989,61.66,2.41,9.97,10.83,11.94,0.01,-3.63,11.08,6.41,1.39,-0.81,-7.82,-5.69
2/1/1989,61.93,2.16,9.68,10.82,11.97,-0.08,-3.67,11.11,6.41,1.28,-0.86,-7.96,-5.78
3/1/1989,62.16,1.91,9.54,10.72,11.95,-0.17,-3.79,11.08,6.46,1.21,-0.86,-8.00,-5.83
4/1/1989,62.27,1.75,9.39,10.68,11.89,-0.15,-3.74,11.16,6.53,1.13,-0.75,-7.96,-5.79
5/1/1989,62.44,1.50,9.29,10.49,11.78,-0.19,-3.77,11.06,6.51,1.10,-0.80,-7.97,-5.80
6/1/1989,62.54,1.22,9.16,10.49,11.74,-0.17,-3.70,10.90,6.57,1.15,-0.75,-7.89,-5.80
7/1/1989,62.67,0.87,8.95,10.31,11.60,-0.19,-3.67,10.66,6.53,0.99,-0.74,-7.90,-5.76
8/1/1989,62.77,0.68,8.79,10.20,11.43,-0.17,-3.63,10.52,6.56,1.01,-0.76,-7.84,-5.74
9/1/1989,62.91,0.32,8.61,10.18,11.30,-0.20,-3.57,10.29,6.54,1.00,-0.75,-7.83,-5.73
10/1/1989,63.04,-0.01,8.53,9.95,11.14,-0.18,-3.55,10.15,6.49,0.94,-0.69,-7.77,-5.69
11/1/1989,63.19,-0.19,8.37,9.91,11.02,-0.14,-3.56,10.03,6.48,0.98,-0.64,-7.70,-5.65
12/1/1989,63.33,-0.49,8.34,9.72,10.97,-0.08,-3.51,10.10,6.52,1.02,-0.58,-7.62,-5.59
1/1/1990,63.53,-0.88,8.30,9.73,10.88,-0.04,-3.46,9.98,6.52,0.92,-0.54,-7.43,-5.52
2/1/1990,63.73,-1.11,8.29,9.63,10.95,-0.04,-3.48,10.07,6.44,0.89,-0.51,-7.41,-5.58
3/1/1990,63.92,-1.47,8.23,9.56,11.11,-0.09,-3.55,10.17,6.49,0.86,-0.48,-7.36,-5.61
4/1/1990,64.00,-1.74,8.28,9.48,11.25,-0.14,-3.54,10.22,6.49,0.97,-0.36,-7.22,-5.57
5/1/1990,64.16,-2.10,8.24,9.40,11.20,-0.28,-3.58,10.18,6.47,0.89,-0.35,-7.17,-5.65
6/1/1990,64.32,-2.35,8.01,9.18,11.11,-0.48,-3.68,10.11,6.34,0.82,-0.40,-7.15,-5.72
7/1/1990,64.34,-2.71,8.01,9.08,11.13,-0.63,-3.68,10.11,6.32,0.80,-0.42,-7.00,-5.73
8/1/1990,64.33,-2.93,7.86,9.01,11.08,-0.73,-3.64,10.07,6.27,0.84,-0.35,-6.88,-5.73
9/1/1990,64.33,-3.27,7.60,8.57,11.06,-0.82,-3.68,10.01,6.19,0.78,-0.37,-6.71,-5.74
10/1/1990,64.36,-3.68,7.29,8.16,10.77,-1.03,-3.73,9.81,6.00,0.78,-0.44,-6.61,-5.86
11/1/1990,64.31,-4.00,7.12,7.94,10.63,-1.16,-3.74,9.68,5.90,0.79,-0.35,-6.46,-5.91
12/1/1990,64.29,-4.38,6.79,7.69,10.39,-1.31,-3.74,9.52,5.79,0.71,-0.33,-6.40,-5.95
1/1/1991,64.28,-4.77,6.52,7.49,10.11,-1.52,-3.74,9.38,5.64,0.63,-0.28,-6.35,-5.97
2/1/1991,64.19,-4.96,6.28,7.30,9.99,-1.59,-3.69,9.19,5.67,0.62,-0.09,-6.15,-6.02
3/1/1991,64.12,-5.24,6.01,7.18,9.90,-1.58,-3.61,9.08,5.69,0.72,0.04,-5.99,-6.01
4/1/1991,64.08,-5.39,5.86,7.09,9.96,-1.53,-3.55,9.13,5.83,0.79,0.24,-5.87,-5.91
5/1/1991,64.05,-5.40,5.85,7.16,10.02,-1.42,-3.41,9.22,5.99,1.06,0.42,-5.71,-5.85
6/1/1991,64.09,-5.44,5.77,7.27,10.11,-1.36,-3.35,9.29,6.12,1.21,0.56,-5.60,-5.78
7/1/1991,64.16,-5.49,5.71,7.20,10.25,-1.30,-3.33,9.36,6.29,1.45,0.70,-5.60,-5.79
8/1/1991,64.19,-5.39,5.77,7.37,10.44,-1.23,-3.28,9.37,6.46,1.72,0.86,-5.53,-5.73
9/1/1991,64.27,-5.39,5.65,7.28,10.47,-1.23,-3.27,9.27,6.52,1.78,0.95,-5.42,-5.78
10/1/1991,64.33,-5.35,5.52,7.20,10.37,-1.29,-3.27,9.20,6.60,1.88,1.00,-5.39,-5.83
11/1/1991,64.39,-5.35,5.28,7.10,10.29,-1.36,-3.27,9.02,6.59,1.90,0.99,-5.37,-5.90
12/1/1991,64.38,-5.27,5.04,6.92,10.20,-1.42,-3.24,8.91,6.73,2.06,1.12,-5.28,-5.97
1/1/1992,64.49,-5.17,4.75,6.78,9.98,-1.50,-3.21,8.85,6.78,2.16,1.13,-5.29,-6.13
2/1/1992,64.51,-5.09,4.54,6.76,9.86,-1.51,-3.27,8.95,6.89,2.28,1.17,-5.21,-6.21
3/1/1992,64.64,-5.11,4.33,6.53,9.58,-1.50,-3.28,8.92,6.90,2.30,1.10,-5.24,-6.26
4/1/1992,64.77,-4.99,4.04,6.47,9.45,-1.49,-3.29,8.96,6.94,2.32,1.09,-5.21,-6.39
5/1/1992,64.85,-4.91,3.86,6.43,9.40,-1.38,-3.18,9.13,7.05,2.43,1.17,-5.17,-6.40
6/1/1992,64.95,-4.86,3.82,6.42,9.37,-1.27,-3.12,9.21,7.16,2.32,1.20,-5.13,-6.52
7/1/1992,65.11,-4.75,3.63,6.26,9.29,-1.24,-3.09,9.37,7.21,2.33,1.18,-5.10,-6.61
8/1/1992,65.27,-4.77,3.55,6.19,9.21,-1.19,-3.05,9.56,7.27,2.32,1.22,-5.14,-6.73
9/1/1992,65.37,-4.60,3.54,6.25,9.30,-1.11,-2.98,9.75,7.33,2.36,1.29,-5.08,-6.77
10/1/1992,65.60,-4.53,3.56,6.27,9.35,-1.11,-2.93,9.89,7.38,2.45,1.30,-5.09,-6.91
11/1/1992,65.69,-4.21,3.70,6.41,9.49,-0.97,-2.75,10.23,7.45,2.57,1.40,-4.96,-6.88
12/1/1992,65.88,-4.12,3.77,6.44,9.45,-0.94,-2.73,10.33,7.44,2.58,1.28,-4.99,-6.94
1/1/1993,66.08,-3.98,4.00,6.47,9.56,-0.90,-2.70,10.39,7.36,2.60,1.25,-4.99,-6.96
2/1/1993,66.34,-3.81,4.00,6.52,9.57,-0.95,-2.71,10.23,7.26,2.53,1.12,-4.98,-7.00
3/1/1993,66.44,-3.46,4.19,6.53,9.71,-0.97,-2.61,10.19,7.26,2.59,1.20,-4.90,-6.93
4/1/1993,66.61,-3.15,4.33,6.58,9.78,-0.91,-2.48,10.23,7.25,2.58,1.17,-4.87,-6.85
5/1/1993,66.79,-2.89,4.44,6.54,9.87,-0.87,-2.43,10.20,7.27,2.61,1.17,-4.87,-6.83
6/1/1993,67.00,-2.77,4.53,6.47,9.93,-0.90,-2.41,10.14,7.29,2.68,1.18,-4.88,-6.85
7/1/1993,67.23,-2.67,4.49,6.44,9.97,-0.84,-2.37,10.26,7.39,2.64,1.15,-4.82,-6.80
8/1/1993,67.43,-2.41,4.42,6.47,9.97,-0.80,-2.33,10.32,7.44,2.75,1.20,-4.83,-6.80
9/1/1993,67.65,-2.32,4.31,6.48,9.95,-0.74,-2.37,10.42,7.54,2.84,1.23,-4.85,-6.78
10/1/1993,67.80,-2.15,4.32,6.48,9.96,-0.60,-2.17,10.55,7.74,3.08,1.34,-4.82,-6.73
11/1/1993,68.06,-2.09,4.32,6.46,9.97,-0.66,-2.23,10.52,7.73,3.03,1.30,-4.89,-6.75
12/1/1993,68.33,-2.19,4.20,6.33,9.89,-0.68,-2.25,10.51,7.76,2.96,1.20,-4.92,-6.80
1/1/1994,68.51,-2.03,4.20,6.19,9.89,-0.69,-2.21,10.65,7.85,3.04,1.26,-4.93,-6.81
2/1/1994,68.72,-2.04,4.24,6.18,9.97,-0.66,-2.21,10.80,7.89,3.21,1.31,-4.98,-6.77
3/1/1994,69.02,-2.02,4.19,6.02,9.87,-0.67,-2.19,10.98,7.98,3.30,1.25,-5.02,-6.80
4/1/1994,69.30,-1.95,4.21,6.08,9.85,-0.66,-2.18,11.05,7.99,3.49,1.26,-5.03,-6.83
5/1/1994,69.62,-1.93,4.30,6.00,9.94,-0.70,-2.22,11.20,8.04,3.56,1.31,-5.11,-6.88
6/1/1994,69.88,-1.99,4.31,6.07,9.99,-0.63,-2.21,11.31,8.10,3.64,1.32,-5.14,-6.79
7/1/1994,70.14,-1.93,4.48,6.09,10.11,-0.64,-2.13,11.36,8.08,3.59,1.35,-5.02,-6.77
8/1/1994,70.43,-1.87,4.48,6.13,10.22,-0.64,-2.18,11.38,7.98,3.48,1.29,-5.04,-6.77
9/1/1994,70.71,-1.95,4.41,6.03,10.36,-0.62,-2.18,11.40,7.91,3.37,1.21,-5.10,-6.77
10/1/1994,70.94,-1.84,4.48,6.10,10.67,-0.58,-2.17,11.47,7.88,3.41,1.20,-5.07,-6.67
11/1/1994,71.27,-1.78,4.57,6.17,10.81,-0.56,-2.08,11.58,7.79,3.36,1.20,-5.10,-6.61
12/1/1994,71.54,-1.71,4.58,6.18,11.01,-0.49,-2.15,11.68,7.78,3.41,1.17,-5.08,-6.58
1/1/1995,71.77,-1.61,4.52,6.20,11.06,-0.44,-2.13,11.67,7.71,3.38,1.19,-5.12,-6.55
2/1/1995,72.04,-1.55,4.34,6.04,10.93,-0.54,-2.20,11.57,7.58,3.31,1.12,-5.17,-6.60
3/1/1995,72.26,-1.61,4.25,5.88,10.85,-0.59,-2.24,11.40,7.49,3.23,1.09,-5.16,-6.66
4/1/1995,72.34,-1.56,4.13,5.76,10.64,-0.55,-2.22,11.22,7.43,3.28,1.14,-5.12,-6.59
5/1/1995,72.54,-1.64,3.97,5.56,10.37,-0.69,-2.29,11.09,7.28,3.16,1.03,-5.18,-6.71
6/1/1995,72.72,-1.67,3.77,5.39,10.18,-0.77,-2.29,11.06,7.27,3.12,1.04,-5.19,-6.78
7/1/1995,72.84,-1.51,3.75,5.31,9.98,-0.77,-2.27,11.03,7.21,3.28,1.04,-5.08,-6.76
8/1/1995,73.03,-1.33,3.59,5.38,9.88,-0.89,-2.26,11.14,7.27,3.28,1.11,-5.13,-6.76
9/1/1995,73.28,-1.23,3.58,5.22,9.81,-0.96,-2.22,11.13,7.32,3.17,1.11,-5.13,-6.70
10/1/1995,73.47,-1.22,3.52,5.18,9.71,-1.03,-2.24,11.07,7.26,3.14,1.16,-5.12,-6.75
11/1/1995,73.61,-1.01,3.50,5.13,9.69,-1.00,-2.15,11.05,7.31,3.04,1.19,-5.07,-6.71
12/1/1995,73.82,-0.86,3.52,4.99,9.60,-1.03,-2.10,11.05,7.27,2.99,1.19,-5.04,-6.71
1/1/1996,73.92,-0.65,3.50,4.71,9.53,-1.17,-2.05,11.09,7.30,2.93,1.26,-4.96,-6.52
2/1/1996,74.20,-0.61,3.41,4.71,9.56,-1.13,-2.05,10.94,7.11,2.79,1.14,-5.07,-6.63
3/1/1996,74.41,-0.63,3.33,4.71,9.46,-1.16,-2.01,10.77,7.02,2.66,1.04,-5.07,-6.59
4/1/1996,74.56,-0.46,3.31,4.88,9.51,-1.12,-2.03,10.72,6.97,2.65,1.07,-4.93,-6.48
5/1/1996,74.81,-0.36,3.25,4.96,9.47,-1.09,-2.00,10.68,6.88,2.59,0.99,-4.96,-6.43
6/1/1996,75.14,-0.33,3.08,5.04,9.40,-1.15,-2.10,10.57,6.79,2.52,0.88,-5.05,-6.48
7/1/1996,75.32,-0.22,3.14,5.14,9.49,-1.12,-1.96,10.55,6.76,2.64,0.82,-4.92,-6.29
8/1/1996,75.64,-0.17,3.10,4.99,9.32,-1.25,-2.22,10.50,6.62,2.55,0.76,-4.99,-6.29
9/1/1996,75.82,-0.15,3.09,5.09,9.29,-1.22,-2.22,10.62,6.58,2.67,0.79,-4.99,-6.25
10/1/1996,76.05,-0.19,2.88,5.03,9.08,-1.21,-2.24,10.63,6.41,2.60,0.74,-4.88,-6.18
11/1/1996,76.23,-0.17,2.70,4.94,8.98,-1.20,-2.29,10.64,6.37,2.74,0.77,-4.85,-6.13
12/1/1996,76.43,-0.22,2.49,4.92,8.78,-1.22,-2.34,10.60,6.23,2.64,0.77,-4.88,-6.14
1/1/1997,76.70,-0.29,2.24,4.86,8.66,-1.27,-2.41,10.47,6.12,2.66,0.72,-4.85,-6.10
2/1/1997,76.97,-0.20,2.13,4.79,8.67,-1.29,-2.47,10.46,6.13,2.55,0.79,-4.86,-6.03
3/1/1997,77.22,-0.24,1.95,4.73,8.72,-1.24,-2.49,10.59,6.22,2.61,0.87,-4.84,-5.93
4/1/1997,77.52,-0.18,1.93,4.64,8.81,-1.19,-2.51,10.55,6.21,2.50,0.84,-4.79,-5.87
5/1/1997,77.83,-0.24,1.77,4.65,8.83,-1.21,-2.60,10.56,6.17,2.56,0.85,-4.81,-5.86
6/1/1997,78.05,-0.06,1.71,4.58,8.87,-1.10,-2.58,10.54,6.13,2.53,0.92,-4.75,-5.75
7/1/1997,78.33,-0.13,1.61,4.53,8.87,-1.12,-2.63,10.38,6.04,2.61,0.88,-4.69,-5.72
8/1/1997,78.50,0.07,1.70,4.64,8.88,-1.02,-2.57,10.35,5.99,2.81,0.88,-4.60,-5.62
9/1/1997,78.78,0.18,1.77,4.75,8.82,-0.91,-2.50,10.22,5.90,2.77,0.88,-4.56,-5.64
10/1/1997,79.14,0.19,1.68,4.60,8.51,-0.95,-2.64,10.01,5.84,2.74,0.78,-4.60,-5.69
11/1/1997,79.40,0.31,1.58,4.71,8.46,-0.85,-2.65,9.88,5.79,2.66,0.73,-4.56,-5.75
12/1/1997,79.67,0.25,1.60,4.60,8.37,-0.85,-2.60,9.87,5.71,2.72,0.63,-4.60,-5.79
1/1/1998,79.98,0.31,1.53,4.56,8.38,-0.94,-2.65,9.95,5.61,2.74,0.47,-4.58,-5.81
2/1/1998,80.21,0.46,1.63,4.49,8.43,-0.87,-2.68,10.01,5.63,2.66,0.41,-4.54,-5.86
3/1/1998,80.42,0.49,1.72,4.55,8.38,-0.87,-2.60,10.05,5.64,2.75,0.34,-4.51,-5.87
4/1/1998,80.81,0.45,1.58,4.32,8.14,-1.02,-2.79,9.93,5.47,2.66,0.05,-4.68,-6.07
5/1/1998,81.04,0.47,1.72,4.30,8.08,-0.98,-2.76,9.93,5.45,2.64,0.02,-4.65,-5.96
6/1/1998,81.29,0.60,1.78,4.26,7.98,-1.00,-2.78,9.84,5.43,2.53,-0.08,-4.70,-6.03
7/1/1998,81.50,0.60,1.70,4.04,7.61,-1.10,-2.79,8.97,5.39,2.37,-0.19,-4.72,-6.14
8/1/1998,81.77,0.51,1.61,3.97,7.58,-1.12,-2.91,9.31,5.31,2.17,-0.27,-4.74,-6.20
9/1/1998,81.98,0.53,1.54,3.92,7.51,-1.06,-2.87,9.23,5.35,1.99,-0.21,-4.66,-6.22
10/1/1998,82.25,0.49,1.58,3.85,7.37,-1.12,-2.87,9.05,5.30,1.93,-0.20,-4.69,-6.22
11/1/1998,82.53,0.47,1.47,3.86,7.28,-1.10,-2.88,9.08,5.33,1.88,-0.11,-4.66,-6.19
12/1/1998,82.82,0.43,1.33,3.78,7.28,-1.06,-2.94,9.09,5.38,1.95,-0.06,-4.67,-6.18
1/1/1999,83.07,0.43,1.45,3.80,7.08,-1.12,-3.05,8.95,5.25,1.91,-0.04,-4.75,-6.15
2/1/1999,83.33,0.41,1.33,3.72,7.07,-1.06,-3.05,8.97,5.32,1.97,0.04,-4.81,-6.11
3/1/1999,83.62,0.33,1.15,3.57,6.91,-1.21,-3.11,8.83,5.14,1.88,-0.10,-4.87,-6.20
4/1/1999,83.85,0.35,1.06,3.47,6.86,-1.23,-3.11,8.81,5.10,1.78,-0.06,-4.96,-6.11
5/1/1999,84.15,0.21,0.87,3.28,6.57,-1.38,-3.22,8.59,4.89,1.49,-0.26,-5.06,-6.11
6/1/1999,84.36,0.18,0.76,3.20,6.49,-1.45,-3.19,8.50,4.79,1.32,-0.28,-5.07,-6.15
7/1/1999,84.64,0.10,0.66,3.06,6.41,-1.49,-3.29,8.35,4.72,1.29,-0.32,-5.16,-6.08
8/1/1999,84.88,0.04,0.73,2.99,6.31,-1.57,-3.40,8.21,4.66,1.25,-0.37,-5.19,-6.10
9/1/1999,85.12,0.04,0.62,2.97,6.35,-1.65,-3.39,8.19,4.67,1.19,-0.37,-5.20,-6.00
10/1/1999,85.44,-0.05,0.84,2.91,6.23,-1.59,-3.36,8.06,4.63,1.12,-0.43,-5.29,-6.04
11/1/1999,85.70,0.08,0.92,2.93,6.16,-1.60,-3.40,8.09,4.61,1.11,-0.42,-5.30,-5.97
12/1/1999,86.03,0.00,0.96,2.97,6.21,-1.65,-3.44,8.10,4.56,1.05,-0.55,-5.35,-6.05
1/1/2000,86.24,0.24,1.08,3.13,6.20,-1.59,-3.46,8.14,4.51,0.87,-0.49,-5.24,-6.04
2/1/2000,86.44,0.47,1.19,3.25,6.20,-1.54,-3.47,8.14,4.49,0.94,-0.46,-5.20,-6.03
3/1/2000,86.87,0.53,1.00,3.11,5.98,-1.65,-3.59,7.80,4.22,0.74,-0.66,-5.30,-6.21
4/1/2000,87.21,0.44,0.84,2.97,5.76,-1.83,-3.84,7.52,3.97,0.59,-0.80,-5.38,-6.36
5/1/2000,87.40,0.67,0.80,2.82,5.69,-1.79,-3.81,7.34,3.87,0.52,-0.78,-5.30,-6.32
6/1/2000,87.55,0.69,0.87,2.79,5.61,-1.77,-3.85,7.19,3.77,0.36,-0.83,-5.17,-6.28
7/1/2000,87.76,0.90,0.84,2.60,5.49,-1.83,-3.85,6.96,3.57,0.30,-0.89,-5.16,-6.32
8/1/2000,87.91,0.95,0.76,2.52,5.52,-1.79,-3.77,6.87,3.47,0.17,-0.85,-5.07,-6.17
9/1/2000,88.15,0.95,0.72,2.41,5.38,-1.81,-3.84,6.68,3.27,-0.09,-0.94,-5.03,-6.08
10/1/2000,88.27,1.07,0.88,2.36,5.47,-1.79,-3.78,6.52,3.12,-0.05,-0.89,-4.95,-6.02
11/1/2000,88.48,1.09,0.96,2.29,5.49,-1.81,-3.89,6.22,2.91,-0.12,-0.93,-4.94,-6.02
12/1/2000,88.65,0.94,0.96,2.24,5.39,-1.97,-3.92,5.82,2.57,-0.11,-1.02,-4.86,-6.00
1/1/2001,88.70,0.88,1.15,2.29,5.52,-1.99,-3.89,5.49,2.46,-0.15,-0.96,-4.73,-5.90
2/1/2001,88.84,0.52,1.13,2.15,5.43,-2.20,-3.97,5.15,2.31,-0.17,-1.02,-4.71,-5.90
3/1/2001,88.91,0.37,1.03,2.09,5.38,-2.27,-3.89,4.97,2.21,-0.22,-0.97,-4.61,-5.94
4/1/2001,88.90,0.09,1.07,2.13,5.29,-2.38,-3.89,4.94,2.23,-0.29,-0.94,-4.51,-5.92
5/1/2001,89.02,-0.14,0.91,1.93,5.05,-2.52,-3.95,4.84,2.15,-0.44,-1.01,-4.53,-5.99
6/1/2001,88.99,-0.17,0.70,1.90,4.96,-2.60,-3.85,4.75,2.08,-0.44,-0.92,-4.45,-5.95
7/1/2001,88.99,-0.48,0.41,1.74,4.68,-2.73,-3.86,4.62,1.92,-0.57,-1.03,-4.49,-6.06
8/1/2001,88.91,-0.68,0.22,1.70,4.49,-2.86,-3.80,4.50,1.90,-0.57,-1.04,-4.36,-6.08
9/1/2001,88.88,-0.99,-0.20,1.56,4.24,-3.08,-3.85,4.13,1.66,-0.62,-1.27,-4.28,-6.31
10/1/2001,88.74,-1.18,-0.59,1.38,3.97,-3.10,-3.99,3.82,1.57,-0.61,-1.37,-4.31,-6.34
11/1/2001,88.63,-1.40,-0.72,1.37,3.79,-3.17,-3.97,3.58,1.49,-0.77,-1.47,-4.19,-6.41
12/1/2001,88.55,-1.44,-0.89,1.16,3.61,-3.15,-3.89,3.40,1.50,-0.82,-1.51,-4.16,-6.45
1/1/2002,88.58,-1.71,-1.12,1.17,3.41,-3.13,-3.87,3.28,1.47,-1.05,-1.67,-4.11,-6.43
2/1/2002,88.58,-1.79,-1.20,1.05,3.33,-3.01,-3.73,3.29,1.53,-0.96,-1.62,-4.09,-6.37
3/1/2002,88.64,-1.71,-1.18,1.05,3.23,-2.95,-3.56,3.22,1.55,-0.95,-1.63,-4.08,-6.24
4/1/2002,88.60,-1.66,-1.03,1.10,3.33,-2.68,-3.30,3.34,1.70,-0.72,-1.40,-3.90,-5.97
5/1/2002,88.73,-1.84,-1.03,1.20,3.25,-2.62,-3.16,3.31,1.76,-0.65,-1.39,-3.89,-5.99
6/1/2002,88.81,-1.76,-0.85,1.24,3.38,-2.51,-3.03,3.45,1.86,-0.32,-1.28,-3.87,-5.89
7/1/2002,88.90,-1.74,-0.68,1.34,3.44,-2.38,-2.90,3.58,1.91,-0.05,-1.28,-3.86,-5.79
8/1/2002,89.01,-1.91,-0.64,1.36,3.42,-2.27,-2.79,3.65,1.96,0.18,-1.25,-3.78,-5.60
9/1/2002,89.04,-1.85,-0.59,1.36,3.46,-2.19,-2.61,3.70,2.09,0.34,-1.19,-3.66,-5.51
10/1/2002,89.18,-2.06,-0.62,1.30,3.39,-2.24,-2.55,3.67,2.01,0.35,-1.29,-3.71,-5.48
11/1/2002,89.20,-2.15,-0.67,1.23,3.39,-2.20,-2.44,3.60,2.05,0.28,-1.25,-3.66,-5.29
12/1/2002,89.20,-2.07,-0.56,1.13,3.28,-2.12,-2.22,3.58,2.14,0.39,-1.18,-3.63,-5.22
1/1/2003,89.43,-2.37,-0.81,0.84,2.99,-2.38,-2.36,3.24,1.89,0.06,-1.44,-3.73,-5.27
2/1/2003,89.41,-2.43,-0.71,0.83,2.77,-2.30,-2.22,3.10,1.87,0.18,-1.46,-3.58,-5.10
3/1/2003,89.39,-2.33,-0.61,0.92,2.70,-2.21,-2.01,2.96,1.86,0.10,-1.55,-3.50,-4.93
4/1/2003,89.41,-2.39,-0.65,0.97,2.78,-2.17,-1.93,2.80,1.79,0.08,-1.62,-3.48,-4.84
5/1/2003,89.45,-2.30,-0.59,1.02,2.69,-2.09,-1.83,2.72,1.72,-0.01,-1.70,-3.39,-4.73
6/1/2003,89.48,-2.34,-0.63,1.09,2.73,-1.99,-1.70,2.70,1.71,-0.09,-1.72,-3.35,-4.56
7/1/2003,89.63,-2.33,-0.67,1.15,2.80,-2.07,-1.60,2.49,1.56,-0.15,-1.82,-3.40,-4.54
8/1/2003,89.77,-2.08,-0.65,1.18,2.92,-1.93,-1.55,2.48,1.61,-0.23,-1.72,-3.29,-4.42
9/1/2003,89.86,-1.96,-0.55,1.39,2.99,-1.79,-1.29,2.62,1.76,-0.03,-1.56,-3.19,-4.15
10/1/2003,90.08,-1.79,-0.46,1.35,3.05,-1.64,-1.13,2.77,1.87,-0.03,-1.46,-3.15,-3.97
11/1/2003,90.28,-1.60,-0.48,1.46,3.05,-1.57,-1.02,2.94,1.94,-0.03,-1.43,-3.14,-3.83
12/1/2003,90.49,-1.43,-0.39,1.46,2.99,-1.56,-0.96,3.03,1.96,0.09,-1.38,-3.15,-3.66
1/1/2004,90.66,-1.19,-0.40,1.57,2.99,-1.47,-0.79,3.15,2.04,0.14,-1.32,-2.99,-3.56
2/1/2004,90.86,-1.20,-0.41,1.56,2.95,-1.47,-0.74,3.07,2.02,0.27,-1.36,-2.99,-3.40
3/1/2004,91.05,-0.98,-0.27,1.55,2.80,-1.47,-0.64,3.07,1.96,0.34,-1.28,-3.01,-3.30
4/1/2004,91.35,-0.86,-0.31,1.36,2.60,-1.51,-0.69,2.83,1.76,0.31,-1.34,-3.04,-3.22
5/1/2004,91.59,-0.89,-0.16,1.32,2.51,-1.51,-0.72,2.78,1.66,0.23,-1.40,-3.15,-3.15
6/1/2004,91.80,-0.67,-0.02,1.30,2.49,-1.45,-0.65,2.69,1.63,0.36,-1.31,-3.04,-2.97
7/1/2004,92.02,-0.66,0.23,1.23,2.30,-1.40,-0.56,2.60,1.51,0.35,-1.33,-3.02,-2.78
8/1/2004,92.21,-0.43,0.38,1.20,2.25,-1.32,-0.56,2.59,1.53,0.35,-1.27,-3.03,-2.60
9/1/2004,92.44,-0.26,0.49,1.29,2.17,-1.31,-0.62,2.40,1.41,0.46,-1.28,-3.06,-2.48
10/1/2004,92.68,-0.27,0.59,1.27,2.11,-1.35,-0.49,2.26,1.34,0.61,-1.30,-2.99,-2.27
11/1/2004,92.89,-0.28,0.71,1.20,1.88,-1.37,-0.39,2.23,1.28,0.58,-1.30,-2.98,-2.21
12/1/2004,93.06,-0.29,0.87,1.34,1.86,-1.31,-0.26,2.17,1.21,0.78,-1.31,-2.85,-2.03
1/1/2005,93.29,-0.37,0.93,1.21,1.80,-1.35,-0.27,2.01,1.04,0.66,-1.39,-2.87,-1.99
2/1/2005,93.47,-0.35,0.90,1.20,1.76,-1.30,-0.15,2.08,1.07,0.84,-1.29,-2.73,-1.81
3/1/2005,93.74,-0.26,0.89,1.14,1.74,-1.39,-0.12,2.02,1.00,0.77,-1.26,-2.72,-1.69
4/1/2005,93.98,-0.28,1.06,1.16,1.79,-1.37,0.08,2.07,1.02,1.02,-1.22,-2.64,-1.50
5/1/2005,94.23,-0.32,0.95,1.20,1.80,-1.33,0.23,2.01,1.02,1.03,-1.11,-2.45,-1.37
6/1/2005,94.51,-0.23,0.81,1.17,1.77,-1.40,0.31,1.90,1.00,1.10,-1.11,-2.55,-1.29
7/1/2005,94.78,-0.26,0.72,1.09,1.80,-1.32,0.36,1.97,1.01,1.12,-1.04,-2.39,-1.24
8/1/2005,95.03,-0.52,0.45,0.96,1.66,-1.29,0.43,1.88,0.99,1.08,-1.04,-2.48,-1.22
9/1/2005,95.15,-0.45,0.44,0.96,1.68,-1.18,-0.07,1.94,0.84,1.24,-0.88,-2.44,-0.96
10/1/2005,95.36,-0.47,0.44,0.85,1.70,-1.13,-0.22,1.89,0.79,1.09,-0.86,-2.51,-0.89
11/1/2005,95.64,-0.49,0.32,0.71,1.55,-1.07,-0.22,1.81,0.79,1.05,-0.82,-2.36,-0.84
12/1/2005,95.91,-0.53,0.22,0.67,1.55,-1.03,0.11,1.77,0.77,1.06,-0.74,-2.19,-0.70
1/1/2006,96.22,-0.39,0.23,0.57,1.53,-0.91,0.28,1.70,0.83,1.03,-0.63,-2.18,-0.59
2/1/2006,96.47,-0.39,0.26,0.63,1.63,-0.81,0.33,1.68,0.84,1.09,-0.51,-2.04,-0.50
3/1/2006,96.83,-0.51,0.11,0.48,1.60,-0.82,0.30,1.70,0.81,1.13,-0.45,-2.08,-0.48
4/1/2006,97.09,-0.55,-0.01,0.40,1.49,-0.85,0.33,1.58,0.77,1.29,-0.50,-1.96,-0.47
5/1/2006,97.33,-0.61,-0.11,0.29,1.33,-0.95,0.33,1.48,0.66,1.22,-0.47,-1.92,-0.43
6/1/2006,97.52,-0.61,0.00,0.12,1.09,-1.05,0.40,1.45,0.58,1.24,-0.47,-1.77,-0.37
7/1/2006,97.70,-0.61,0.16,0.13,0.96,-1.02,0.34,1.31,0.51,1.21,-0.48,-1.70,-0.32
8/1/2006,97.92,-0.64,0.13,0.07,0.74,-1.00,0.39,1.24,0.48,1.05,-0.48,-1.53,-0.23
9/1/2006,98.19,-0.72,0.21,0.12,0.62,-1.09,0.39,1.04,0.38,0.77,-0.47,-1.35,-0.23
10/1/2006,98.35,-0.64,0.41,0.16,0.55,-0.85,0.47,0.93,0.37,0.61,-0.43,-1.20,-0.15
11/1/2006,98.55,-0.59,0.44,0.29,0.52,-0.73,0.44,0.94,0.38,0.49,-0.35,-1.05,-0.07
12/1/2006,98.80,-0.54,0.59,0.39,0.62,-0.55,0.51,0.87,0.41,0.53,-0.29,-0.91,0.00
1/1/2007,99.01,-0.29,0.60,0.48,0.64,-0.39,0.50,0.72,0.42,0.47,-0.21,-0.83,0.09
2/1/2007,99.24,-0.26,0.48,0.33,0.35,-0.29,0.43,0.68,0.40,0.47,-0.11,-0.67,0.06
3/1/2007,99.52,-0.13,0.41,0.25,0.30,-0.15,0.28,0.54,0.38,0.42,-0.10,-0.60,0.08
4/1/2007,99.67,-0.04,0.22,0.22,0.27,-0.03,0.20,0.42,0.28,0.40,-0.04,-0.30,0.02
5/1/2007,99.94,-0.10,0.12,0.12,0.02,-0.04,0.03,0.21,0.14,0.08,-0.11,-0.35,0.02
6/1/2007,99.99,0.03,0.04,0.15,0.08,0.08,0.07,0.15,0.16,0.00,0.05,-0.01,0.12
7/1/2007,100.10,0.09,-0.14,0.12,-0.11,0.13,0.00,-0.05,0.00,-0.05,0.06,0.15,0.11
8/1/2007,100.26,0.06,-0.17,-0.08,-0.22,0.07,-0.06,-0.27,-0.15,-0.32,0.04,0.27,0.04
9/1/2007,100.35,0.12,-0.32,-0.24,-0.26,0.08,-0.18,-0.44,-0.26,-0.35,0.05,0.41,-0.01
10/1/2007,100.53,0.12,-0.32,-0.44,-0.36,0.04,-0.32,-0.69,-0.47,-0.52,0.02,0.45,-0.24
11/1/2007,100.68,0.14,-0.49,-0.47,-0.38,0.18,-0.46,-0.68,-0.49,-0.47,0.09,0.64,-0.18
12/1/2007,100.72,0.29,-0.43,-0.45,-0.32,0.33,-0.47,-0.60,-0.41,-0.13,0.28,0.89,-0.10
1/1/2008,100.85,0.36,-0.41,-0.48,-0.17,0.43,-0.65,-0.57,-0.35,0.04,0.43,1.19,-0.18
2/1/2008,100.99,0.20,-0.58,-0.53,-0.21,0.46,-0.83,-0.66,-0.40,0.14,0.59,1.37,-0.23
3/1/2008,100.96,0.34,-0.45,-0.58,-0.35,0.57,-0.99,-0.74,-0.49,0.15,0.75,1.64,-0.31
4/1/2008,101.04,0.00,-0.56,-0.56,-0.56,0.43,-1.30,-0.99,-0.65,-0.10,0.79,1.80,-0.51
5/1/2008,100.93,-0.02,-0.58,-0.59,-0.82,0.40,-1.42,-1.09,-0.80,-0.30,0.88,1.99,-0.71
6/1/2008,100.84,-0.28,-0.79,-0.67,-1.03,0.30,-1.63,-1.42,-0.99,-0.61,0.87,2.36,-0.94
7/1/2008,100.77,-0.55,-0.83,-0.78,-1.39,0.06,-1.84,-1.71,-1.26,-0.73,0.91,2.58,-1.16
8/1/2008,100.64,-0.77,-0.98,-1.01,-1.61,0.02,-1.94,-1.87,-1.37,-0.97,0.89,2.84,-1.34
9/1/2008,100.51,-1.04,-1.22,-1.15,-1.86,-0.16,-2.20,-2.23,-1.64,-1.10,0.93,2.86,-1.69
10/1/2008,100.20,-1.35,-1.43,-1.43,-2.03,-0.29,-2.29,-2.55,-1.85,-1.41,1.00,3.31,-1.95
11/1/2008,99.86,-1.69,-1.62,-1.80,-2.53,-0.87,-2.42,-3.03,-2.17,-1.85,0.97,3.62,-2.18
12/1/2008,99.48,-2.21,-1.96,-2.19,-2.98,-1.23,-2.47,-3.69,-2.59,-2.44,0.79,3.98,-2.56
1/1/2009,99.00,-2.51,-2.22,-2.58,-3.58,-1.61,-2.62,-4.62,-3.02,-3.18,0.60,4.08,-2.98
2/1/2009,98.55,-2.95,-2.51,-2.94,-4.10,-1.89,-2.70,-5.41,-3.32,-3.73,0.39,4.38,-3.30
3/1/2009,97.99,-3.15,-2.70,-3.10,-4.41,-2.06,-2.68,-5.98,-3.56,-3.91,0.23,4.80,-3.32
4/1/2009,97.52,-3.14,-2.68,-3.36,-4.75,-1.99,-2.57,-6.40,-3.66,-3.96,0.10,4.81,-3.39
5/1/2009,97.17,-3.13,-2.55,-3.28,-4.77,-1.79,-2.65,-6.56,-3.56,-3.70,0.14,4.70,-3.26
6/1/2009,96.89,-2.99,-2.54,-3.30,-4.74,-1.58,-2.65,-6.77,-3.46,-3.38,0.17,4.76,-3.27
7/1/2009,96.72,-2.92,-2.42,-3.27,-4.85,-1.42,-2.59,-6.64,-3.35,-2.85,0.32,4.78,-3.23
8/1/2009,96.59,-2.84,-2.41,-3.19,-4.79,-1.23,-2.56,-6.45,-3.20,-2.44,0.42,4.99,-3.22
9/1/2009,96.40,-2.55,-2.39,-3.04,-4.58,-1.06,-2.44,-6.24,-3.02,-2.15,0.65,5.18,-3.10
10/1/2009,96.28,-2.49,-2.39,-2.92,-4.62,-0.92,-2.36,-6.04,-2.84,-1.66,0.79,5.31,-2.99
11/1/2009,96.35,-2.44,-2.51,-2.93,-4.71,-0.96,-2.41,-6.11,-2.86,-1.64,0.74,5.36,-3.04
12/1/2009,96.32,-2.30,-2.35,-2.95,-4.86,-0.94,-2.34,-6.07,-2.84,-1.34,0.74,5.63,-3.00
1/1/2010,96.41,-2.25,-2.32,-3.10,-4.85,-0.98,-2.34,-6.02,-2.91,-1.32,0.64,5.93,-3.05
2/1/2010,96.46,-1.96,-2.23,-3.18,-4.83,-0.90,-2.20,-5.81,-2.78,-1.08,0.72,6.04,-2.93
3/1/2010,96.56,-1.85,-2.00,-3.08,-4.54,-0.66,-2.04,-5.55,-2.57,-0.75,0.86,6.19,-2.81
4/1/2010,96.76,-1.63,-1.80,-2.88,-4.24,-0.37,-1.85,-5.16,-2.40,-0.47,0.99,6.26,-2.56
5/1/2010,97.20,-1.37,-1.99,-2.86,-4.04,-0.33,-1.81,-5.09,-2.38,-0.42,0.96,6.29,-2.67
6/1/2010,97.39,-1.13,-1.88,-2.58,-3.74,-0.19,-1.71,-4.78,-2.13,-0.18,1.13,6.47,-2.52
7/1/2010,97.51,-0.85,-1.70,-2.37,-3.48,0.05,-1.65,-4.53,-2.03,0.12,1.18,6.59,-2.34
8/1/2010,97.62,-0.75,-1.72,-2.28,-3.34,0.10,-1.60,-4.27,-1.93,0.09,1.25,6.69,-2.35
9/1/2010,97.74,-0.70,-1.73,-2.28,-3.28,0.15,-1.61,-4.01,-1.93,0.13,1.21,6.78,-2.27
10/1/2010,98.01,-0.57,-1.78,-2.33,-3.22,0.19,-1.63,-3.85,-2.07,0.18,1.10,6.96,-2.23
11/1/2010,98.04,-0.38,-1.51,-2.07,-2.94,0.40,-1.55,-3.46,-1.96,0.50,1.26,7.10,-2.03
12/1/2010,98.43,-0.33,-1.77,-2.28,-2.93,0.31,-1.65,-3.38,-2.07,0.53,1.21,6.88,-2.14
1/1/2011,98.61,-0.03,-1.54,-2.12,-2.65,0.51,-1.58,-3.07,-1.99,0.93,1.39,7.02,-1.89
2/1/2011,98.85,0.21,-1.44,-2.04,-2.42,0.70,-1.42,-2.96,-1.90,1.19,1.47,7.07,-1.73
3/1/2011,99.07,0.43,-1.31,-1.95,-2.29,0.73,-1.28,-2.66,-1.73,1.42,1.71,7.21,-1.60
4/1/2011,99.32,0.46,-1.35,-1.99,-2.35,0.81,-1.17,-2.81,-1.68,1.44,1.87,7.41,-1.42
5/1/2011,99.55,0.62,-1.48,-2.19,-2.52,0.73,-1.11,-3.14,-1.79,1.49,1.94,7.45,-1.38
6/1/2011,99.77,0.61,-1.75,-2.38,-2.66,0.66,-1.09,-3.41,-1.91,1.49,1.93,7.47,-1.42
7/1/2011,99.97,0.85,-1.75,-2.46,-2.64,0.70,-0.90,-3.52,-1.87,1.45,1.98,7.64,-1.30
8/1/2011,100.17,0.92,-1.99,-2.69,-2.58,0.70,-0.77,-3.60,-1.83,1.79,2.03,7.74,-1.08
9/1/2011,100.40,1.15,-2.00,-2.70,-2.37,0.88,-0.51,-3.42,-1.65,2.28,2.13,7.91,-0.86
10/1/2011,100.72,1.29,-2.34,-2.77,-2.26,0.94,-0.47,-3.43,-1.57,2.58,2.09,7.96,-0.64
11/1/2011,101.01,1.47,-2.47,-2.70,-2.03,1.06,-0.28,-3.26,-1.39,3.01,2.16,8.05,-0.44
12/1/2011,101.23,1.72,-2.69,-2.62,-1.61,1.26,-0.11,-2.97,-1.11,3.41,2.34,8.22,-0.10
1/1/2012,101.57,1.90,-2.84,-2.63,-1.39,1.42,0.01,-2.78,-0.91,3.59,2.38,8.41,0.03
2/1/2012,101.84,1.87,-2.93,-2.71,-1.29,1.45,0.11,-2.62,-0.81,3.87,2.49,8.48,0.32
3/1/2012,102.20,1.79,-3.28,-2.84,-1.24,1.48,0.16,-2.62,-0.73,3.86,2.50,8.79,0.29
4/1/2012,102.41,1.76,-3.60,-3.13,-1.26,1.46,0.30,-2.69,-0.74,3.90,2.54,8.80,0.48
5/1/2012,102.66,1.76,-3.68,-3.41,-1.26,1.42,0.29,-2.81,-0.75,3.83,2.57,8.97,0.62
6/1/2012,102.85,1.81,-3.71,-3.50,-1.17,1.45,0.45,-2.94,-0.78,3.88,2.67,9.16,0.88
7/1/2012,103.08,1.84,-3.68,-3.77,-1.39,1.52,0.59,-2.91,-0.81,3.79,2.71,9.29,1.22
8/1/2012,103.36,1.87,-3.57,-3.89,-1.41,1.57,0.68,-3.01,-0.83,3.82,2.79,9.41,1.56
9/1/2012,103.68,1.82,-3.68,-3.94,-1.53,1.64,0.75,-3.17,-0.94,4.01,2.74,9.51,1.72
10/1/2012,103.88,1.93,-3.51,-3.98,-1.54,1.79,0.97,-3.21,-0.99,4.04,2.90,9.54,2.13
11/1/2012,104.13,1.96,-3.51,-4.12,-1.81,1.81,1.03,-3.28,-1.08,4.20,2.90,9.72,2.34
12/1/2012,104.31,2.06,-3.37,-4.12,-1.95,1.94,1.19,-3.39,-1.07,4.48,3.01,9.90,2.65
1/1/2013,104.56,2.07,-3.25,-4.04,-2.14,1.97,1.29,-3.55,-1.15,4.49,2.98,9.89,2.83
2/1/2013,104.96,1.79,-3.28,-4.06,-2.44,1.93,1.18,-3.83,-1.36,4.57,2.93,9.88,3.06
3/1/2013,105.25,1.74,-3.20,-3.99,-2.55,2.01,1.22,-3.89,-1.47,4.70,2.94,9.99,3.19
4/1/2013,105.43,1.87,-3.00,-3.89,-2.53,2.15,1.43,-3.98,-1.48,4.65,3.07,10.11,3.48
5/1/2013,105.73,2.07,-2.94,-3.83,-2.61,2.23,1.57,-3.90,-1.51,4.91,3.14,10.15,3.63
6/1/2013,105.98,2.13,-2.93,-3.72,-2.69,2.31,1.64,-3.92,-1.56,4.96,3.18,10.27,3.81
7/1/2013,106.29,2.05,-2.86,-3.81,-2.87,2.38,1.70,-4.04,-1.67,4.98,3.17,10.34,3.94
8/1/2013,106.58,2.06,-2.90,-3.69,-2.96,2.45,1.81,-3.96,-1.71,5.05,3.18,10.38,4.11
9/1/2013,106.81,2.37,-2.52,-3.54,-2.84,2.76,1.97,-3.75,-1.58,5.37,3.38,10.57,4.36
10/1/2013,107.06,2.64,-2.34,-3.43,-2.62,2.86,2.15,-3.55,-1.43,5.60,3.47,10.72,4.73
11/1/2013,107.46,2.79,-2.14,-3.45,-2.52,2.95,2.14,-3.56,-1.52,5.54,3.49,10.73,4.85
12/1/2013,107.71,3.09,-1.84,-3.39,-2.27,3.08,2.31,-3.36,-1.48,5.75,3.57,10.94,5.12
1/1/2014,108.00,3.36,-1.74,-3.30,-2.00,3.12,2.42,-3.28,-1.49,5.73,3.69,11.02,5.48
2/1/2014,108.14,3.81,-1.24,-3.12,-1.63,3.23,2.65,-2.90,-1.28,6.13,4.03,11.27,5.84
3/1/2014,108.45,4.06,-1.13,-3.03,-1.41,3.32,2.80,-2.74,-1.22,6.15,4.15,11.50,6.03
4/1/2014,108.97,4.14,-0.99,-3.05,-1.35,3.17,2.65,-2.70,-1.24,6.12,4.10,11.49,6.16
5/1/2014,109.16,4.32,-0.73,-2.82,-1.08,3.36,2.83,-2.35,-0.99,6.48,4.34,11.80,6.43
6/1/2014,109.58,4.50,-0.79,-2.87,-1.08,3.14,2.79,-2.31,-1.02,6.58,4.39,11.81,6.53
7/1/2014,109.83,4.81,-0.64,-2.60,-0.93,3.20,2.96,-2.08,-0.85,6.85,4.55,11.90,6.73
8/1/2014,110.15,5.05,-0.57,-2.56,-0.78,3.12,3.06,-1.88,-0.69,7.04,4.66,12.03,6.94
9/1/2014,110.54,5.05,-0.60,-2.56,-0.75,3.08,3.11,-1.81,-0.71,7.09,4.65,11.97,7.07
10/1/2014,110.93,5.23,-0.59,-2.67,-0.77,3.04,3.15,-1.76,-0.66,7.01,4.69,12.15,7.15
11/1/2014,111.17,5.58,-0.45,-2.51,-0.57,3.15,3.38,-1.43,-0.44,7.26,4.85,12.35,7.47
12/1/2014,111.62,5.99,-0.64,-2.71,-0.67,3.09,3.34,-1.36,-0.53,7.13,4.77,12.32,7.66
1/1/2015,111.87,6.10,-0.51,-2.79,-0.79,3.16,3.46,-1.22,-0.41,7.34,4.87,12.53,7.95
2/1/2015,112.30,6.19,-0.58,-3.06,-1.09,3.07,3.42,-1.38,-0.60,7.16,4.62,12.44,8.03
3/1/2015,112.57,6.51,-0.62,-3.20,-1.26,3.00,3.48,-1.29,-0.69,7.13,4.47,12.39,8.29
4/1/2015,112.89,6.54,-0.55,-3.30,-1.25,3.13,3.53,-1.29,-0.62,7.06,4.40,12.19,8.47
5/1/2015,113.16,6.89,-0.33,-3.30,-1.12,3.36,3.67,-1.18,-0.38,7.02,4.49,12.30,8.74
6/1/2015,113.55,7.09,-0.28,-3.27,-1.18,3.36,3.69,-1.30,-0.44,6.81,4.44,12.20,8.86
7/1/2015,113.90,7.32,-0.16,-3.42,-1.21,3.53,3.79,-1.30,-0.34,6.68,4.48,12.17,9.04
8/1/2015,114.15,7.38,0.19,-3.23,-1.23,3.66,3.97,-1.24,-0.26,6.69,4.62,12.09,9.46
9/1/2015,114.46,7.65,0.33,-3.34,-1.27,3.83,4.11,-1.29,-0.23,6.57,4.61,12.14,9.63
10/1/2015,114.76,7.68,0.32,-3.42,-1.53,3.98,4.21,-1.29,-0.16,6.78,4.70,12.11,9.88
11/1/2015,115.00,8.00,0.30,-3.27,-1.54,4.11,4.36,-1.45,-0.09,6.55,4.69,12.09,10.02
12/1/2015,115.36,8.22,0.33,-3.56,-1.91,4.14,4.46,-1.68,-0.15,6.38,4.60,12.05,10.15
1/1/2016,115.67,8.23,0.21,-3.72,-2.26,4.11,4.41,-1.88,-0.27,6.17,4.45,11.99,10.19
2/1/2016,115.91,8.55,0.16,-3.78,-2.30,4.27,4.58,-1.99,-0.16,6.11,4.45,12.07,10.47
3/1/2016,116.17,8.85,0.15,-3.80,-2.39,4.43,4.60,-2.14,-0.22,6.05,4.33,11.93,10.52
4/1/2016,116.39,9.17,0.11,-4.00,-2.42,4.62,4.87,-2.04,-0.23,6.10,4.22,12.05,10.92
5/1/2016,116.74,9.08,-0.12,-4.23,-2.63,4.48,4.81,-2.22,-0.45,5.90,3.97,11.91,10.92
6/1/2016,116.97,9.39,-0.35,-4.36,-2.79,4.47,4.82,-2.21,-0.58,5.83,3.93,11.85,10.97
7/1/2016,117.32,9.65,-0.45,-4.44,-2.89,4.52,4.81,-2.21,-0.68,5.62,3.81,11.89,11.07
8/1/2016,117.54,9.76,-0.69,-4.52,-2.98,4.54,4.85,-2.26,-0.74,5.65,3.88,11.93,11.21
9/1/2016,117.81,9.83,-0.74,-4.53,-3.17,4.58,4.94,-2.29,-0.79,5.39,3.97,11.94,11.35
10/1/2016,118.10,9.81,-0.86,-4.54,-3.47,4.52,4.87,-2.36,-0.85,5.29,3.88,11.88,11.40
11/1/2016,118.45,9.81,-0.81,-4.73,-3.81,4.64,4.96,-2.44,-0.90,5.22,3.90,11.81,11.60
12/1/2016,118.72,9.88,-0.62,-4.66,-3.93,4.74,5.06,-2.30,-0.76,5.37,4.08,11.81,11.70
1/1/2017,118.98,10.20,-0.42,-4.65,-3.96,4.85,5.25,-2.06,-0.67,5.71,4.22,11.91,12.10
2/1/2017,119.30,10.21,-0.30,-4.55,-3.90,5.04,5.47,-1.91,-0.53,5.93,4.42,11.97,12.37
3/1/2017,119.65,10.20,-0.45,-4.77,-3.94,5.09,5.66,-1.78,-0.43,6.15,4.59,12.07,12.63
4/1/2017,119.89,10.26,-0.49,-4.61,-3.96,5.26,5.94,-1.59,-0.29,6.44,4.75,12.19,12.79
5/1/2017,120.17,10.28,-0.57,-4.73,-3.93,5.36,6.18,-1.65,-0.24,6.43,4.80,12.36,13.05
6/1/2017,120.51,10.24,-0.71,-4.79,-4.05,5.31,6.27,-1.87,-0.32,6.34,4.74,12.45,13.13
7/1/2017,120.80,10.22,-1.02,-4.88,-4.20,5.24,6.40,-2.25,-0.35,6.44,4.68,12.57,13.31
8/1/2017,121.00,10.29,-1.07,-4.90,-4.07,5.32,6.58,-2.31,-0.35,6.48,4.68,12.65,13.47
9/1/2017,121.31,10.26,-1.18,-4.97,-4.16,5.28,6.25,-2.38,-0.34,6.42,4.68,12.72,13.66
10/1/2017,121.59,10.27,-1.27,-5.04,-4.11,5.24,6.76,-2.56,-0.42,6.34,4.70,12.77,13.88
11/1/2017,121.88,10.29,-1.18,-5.09,-4.07,5.18,6.77,-2.50,-0.42,6.55,4.69,13.04,14.14
12/1/2017,122.20,10.57,-1.03,-5.15,-4.06,5.28,6.82,-2.40,-0.42,6.53,4.79,12.98,14.21
1/1/2018,122.46,10.62,-1.10,-5.04,-4.12,5.40,6.96,-2.32,-0.53,7.01,4.76,13.06,14.50
2/1/2018,122.76,10.68,-0.96,-4.97,-4.16,5.66,7.00,-2.20,-0.52,7.07,4.88,13.28,14.79
3/1/2018,123.13,10.91,-0.92,-4.95,-4.30,5.75,7.09,-2.15,-0.56,7.22,4.91,13.38,14.81
4/1/2018,123.40,10.94,-0.76,-4.77,-4.25,5.98,7.11,-2.16,-0.56,7.19,4.89,13.52,15.10
5/1/2018,123.84,11.07,-0.73,-4.79,-4.45,6.11,7.08,-2.27,-0.70,7.38,4.91,13.54,15.08
6/1/2018,124.02,11.20,-0.43,-4.51,-4.38,6.33,7.34,-2.18,-0.55,7.55,5.02,13.87,15.31
7/1/2018,124.35,11.36,-0.39,-4.65,-4.41,6.27,7.30,-2.47,-0.71,7.50,5.00,13.78,15.29
8/1/2018,124.66,11.37,-0.45,-4.71,-4.55,6.25,7.45,-2.64,-0.77,7.43,4.98,14.03,15.34
9/1/2018,124.95,11.34,-0.53,-4.57,-4.60,6.08,7.53,-2.94,-0.93,7.16,4.82,14.07,15.42
10/1/2018,125.18,11.68,-0.67,-4.71,-4.84,6.20,7.55,-3.03,-1.02,6.91,4.82,14.23,15.32
11/1/2018,125.42,11.77,-0.72,-4.76,-4.95,6.17,7.64,-3.32,-1.20,6.70,4.78,14.33,15.35
12/1/2018,125.61,11.92,-0.70,-4.78,-5.01,6.16,7.71,-3.48,-1.32,6.73,4.76,14.52,15.52
1/1/2019,125.95,12.21,-0.78,-5.05,-5.04,6.38,7.82,-3.61,-1.38,6.42,4.80,14.73,15.50
2/1/2019,126.22,12.35,-0.60,-5.13,-4.88,6.45,8.04,-3.65,-1.41,6.35,4.91,14.91,15.59
3/1/2019,126.51,12.78,-0.40,-5.03,-4.76,6.62,8.18,-3.59,-1.34,6.56,5.04,14.97,15.90
4/1/2019,126.89,12.81,-0.53,-5.19,-4.81,6.71,8.26,-3.61,-1.34,6.51,5.05,15.02,16.18
5/1/2019,127.10,13.22,-0.32,-5.00,-4.64,6.96,8.41,-3.50,-1.21,6.61,5.26,15.36,16.57
6/1/2019,127.37,13.30,-0.40,-5.16,-4.91,7.16,8.49,-3.45,-1.25,6.63,5.29,15.48,16.74
7/1/2019,127.59,13.33,-0.70,-5.25,-5.12,7.22,8.64,-3.60,-1.36,6.57,5.30,15.63,16.90
8/1/2019,127.83,13.38,-0.80,-5.47,-5.43,7.25,8.75,-3.56,-1.49,6.58,5.19,15.77,17.07
9/1/2019,128.21,13.48,-1.29,-5.76,-5.83,7.21,8.63,-3.84,-1.79,6.20,4.97,15.66,17.09
10/1/2019,128.43,13.53,-1.40,-6.04,-5.96,7.15,8.77,-3.89,-1.84,6.24,4.99,15.81,17.25
11/1/2019,128.69,13.54,-1.46,-6.16,-6.05,7.19,8.85,-3.77,-1.94,6.23,4.97,15.90,17.30
12/1/2019,128.93,13.59,-1.78,-6.45,-6.35,7.01,8.96,-3.71,-1.99,6.30,4.93,16.07,17.29
1/1/2020,129.33,13.73,-1.99,-6.68,-6.58,6.85,8.87,-4.03,-2.19,5.91,4.71,15.82,17.13
2/1/2020,129.71,13.61,-2.43,-7.33,-7.22,6.51,8.74,-4.39,-2.51,5.54,4.37,15.90,16.90
3/1/2020,128.82,14.59,-1.87,-7.25,-6.77,7.13,8.44,-4.61,-1.97,6.25,4.97,15.58,15.26
4/1/2020,114.78,-13.66,-16.68,-20.35,-21.01,1.73,1.51,-23.25,-10.00,-3.34,0.76,19.37,1.27
5/1/2020,116.65,-12.24,-20.98,-18.44,-15.99,2.62,1.21,-19.63,-6.99,-8.35,1.14,18.73,2.09
6/1/2020,118.56,-10.21,-16.72,-18.34,-12.57,3.90,4.45,-15.13,-3.25,-3.32,2.23,17.46,5.09
7/1/2020,118.85,-5.38,-14.06,-15.81,-10.70,5.39,5.27,-12.00,-2.24,-0.37,5.79,17.34,6.99
8/1/2020,120.33,-1.01,-11.50,-14.43,-8.86,6.53,7.79,-9.12,-1.07,2.01,5.90,17.33,9.08
9/1/2020,121.07,0.43,-8.00,-11.61,-7.65,7.40,9.08,-7.59,-0.47,3.76,6.35,17.50,12.23
10/1/2020,122.06,3.47,-6.68,-10.20,-6.73,8.05,9.95,-6.23,0.19,5.56,6.74,17.61,13.76
11/1/2020,122.50,4.92,-6.51,-9.83,-6.08,8.59,10.90,-5.77,0.53,6.73,6.97,17.86,14.46
12/1/2020,122.67,5.67,-6.23,-9.64,-5.62,9.03,11.59,-5.49,1.04,7.60,7.20,18.42,14.71
1/1/2021,123.34,7.24,-6.31,-9.66,-5.35,9.32,12.06,-4.94,1.10,8.58,7.40,18.43,15.17
2/1/2021,123.90,8.11,-6.25,-9.46,-5.40,9.40,12.36,-4.82,0.94,9.15,7.39,18.18,15.79
3/1/2021,124.44,8.79,-5.86,-9.13,-5.22,9.57,12.74,-4.72,1.04,9.70,7.65,18.62,16.16
4/1/2021,124.84,9.06,-5.60,-8.78,-5.15,9.85,12.97,-4.71,1.01,10.04,7.72,18.72,16.85
5/1/2021,125.50,10.23,-5.17,-8.69,-5.15,9.92,13.16,-4.84,0.96,10.13,7.73,19.20,17.44
6/1/2021,126.07,10.13,-5.50,-8.62,-5.16,9.91,13.36,-5.07,0.97,10.09,7.82,19.37,17.67
7/1/2021,126.95,10.64,-5.19,-8.61,-5.26,9.96,13.45,-5.20,0.80,10.02,7.79,19.38,18.28
8/1/2021,127.64,11.32,-4.93,-8.48,-5.25,9.95,13.47,-5.19,0.71,10.00,7.85,19.50,18.92
9/1/2021,128.44,12.17,-4.19,-8.28,-5.48,10.02,13.46,-5.06,0.42,9.91,7.92,19.55,19.56
10/1/2021,129.17,12.66,-3.71,-7.92,-5.30,10.30,13.73,-4.84,0.50,10.30,8.12,19.88,20.25
11/1/2021,129.88,13.67,-3.36,-7.58,-5.24,10.51,13.73,-4.55,0.45,10.71,8.25,20.03,20.83
12/1/2021,130.62,14.42,-3.31,-7.44,-5.39,10.67,13.60,-4.56,0.32,10.98,8.23,19.96,21.22
1/1/2022,131.00,14.38,-2.77,-7.20,-5.29,10.83,13.83,-4.41,0.53,11.51,8.48,20.56,21.85
2/1/2022,131.82,14.52,-2.14,-7.09,-5.54,10.90,13.80,-4.49,0.42,11.77,8.53,20.45,22.51
3/1/2022,132.38,15.11,-1.59,-7.10,-5.69,10.98,13.89,-4.55,0.44,12.11,8.55,20.76,23.01
4/1/2022,132.86,15.18,-1.54,-6.98,-5.81,11.10,14.06,-4.70,0.43,12.24,8.69,20.92,23.55
5/1/2022,133.22,15.19,-1.07,-6.95,-6.02,11.12,14.27,-4.86,0.56,11.92,8.69,21.16,23.80
6/1/2022,133.65,15.01,-1.18,-7.04,-6.28,10.80,14.24,-5.17,0.30,11.68,8.43,21.24,23.88
7/1/2022,134.19,14.81,-1.07,-7.18,-6.71,10.64,14.31,-5.56,-0.02,10.97,8.13,21.58,23.89
8/1/2022,134.51,14.16,-0.84,-7.23,-7.04,10.25,14.39,-5.98,-0.40,10.60,7.94,21.97,23.89
9/1/2022,135.04,14.31,-1.50,-7.57,-7.36,10.18,14.28,-6.47,-0.86,9.84,7.47,21.90,23.34
10/1/2022,135.39,14.02,-2.15,-7.94,-7.77,9.98,14.17,-6.70,-1.09,9.51,7.35,22.14,23.14
11/1/2022,135.87,14.16,-2.16,-8.12,-7.87,9.80,14.07,-6.98,-1.32,9.30,7.23,22.29,23.08
12/1/2022,136.23,14.20,-2.26,-8.06,-8.03,9.89,14.12,-7.12,-1.47,9.41,7.17,22.34,23.09
1/1/2023,136.73,14.72,-2.80,-8.31,-8.07,9.86,14.15,-7.28,-1.65,9.42,7.05,22.34,22.93
2/1/2023,136.96,14.30,-2.87,-8.52,-7.94,10.11,14.35,-7.20,-1.53,9.36,7.15,22.36,22.81
3/1/2023,137.35,14.90,-2.85,-8.26,-7.76,10.25,14.37,-7.11,-1.48,9.85,7.16,22.53,22.89
4/1/2023,137.71,16.25,-2.83,-8.17,-7.62,10.52,14.48,-6.73,-1.40,9.87,7.15,22.78,22.98
5/1/2023,137.88,17.44,-2.53,-7.93,-7.33,10.90,14.65,-6.51,-1.30,9.75,7.38,22.99,23.31
6/1/2023,138.24,18.14,-2.69,-7.80,-7.02,11.34,14.65,-6.54,-1.41,9.65,7.46,22.99,23.25
7/1/2023,138.66,18.48,-2.94,-7.42,-6.83,11.58,14.57,-6.82,-1.73,9.13,7.26,23.03,23.27
8/1/2023,138.76,18.40,-2.93,-7.37,-6.89,12.02,14.80,-7.11,-1.86,9.02,7.18,23.24,23.50
