Date,USPHCI,Boston,New York,Philadelphia,Cleveland,Richmond,Atlanta,Chicago,St. Louis,Minneapolis,Kansas City,Dallas,San Francisco
1979-05-01,46.29,0.9154961248186705,-0.40963986128883845,0.19445618906323608,2.2733665724329746,-0.2502667172872847,2.3611559093907317,1.6515660252660573,0.09982201138395655,4.019386509831691,-1.0512728895015642,-0.35354132370102137,-1.678601529699759
1979-06-01,46.42,2.629118630913325,-0.4419358678246282,4.438643842216419,3.8644199050293806,2.501905660269372,0.5933797161136936,1.7987714593473798,0.5337293547240891,0.6159334449220617,-0.3002873558094404,-0.034856748568853964,1.590290139543046
1979-07-01,46.54,2.8650628697812146,2.9810037841677754,2.5550143331294866,1.2383480923242631,0.7410092421685076,0.8788826431681699,0.7448665021275587,-0.5674092151306016,4.068247125892872,-1.5562051747254904,-2.0580646160856335,3.1020071299252265
1979-09-01,46.68,2.843767348845244,0.6727003665916576,1.1555829190737046,0.8109270632396609,0.8529911957990061,1.0412005009483265,3.855002593564307,0.43250895958312024,3.74825979294807,1.4291033709597263,0.4955977783834993,0.6325441079392602
1979-10-01,46.77,0.5107144308815891,0.9841720870233529,1.905846416284771,-0.47047517048275306,2.021895467965574,4.164153345930655,2.4842366376720135,-1.048722074120339,0.6045736333259598,0.04525436079359835,-1.0741089917523352,4.043862207941792
1979-12-01,46.94,0.9318009392365825,-0.3904112356209864,2.127888224215932,0.9121200240096445,-0.01956486080585874,-0.0728707919523465,3.788065730785536,-0.19364462100621901,0.15159494464407708,0.21439833140668266,-0.03531089561480518,0.9725599504425978
1980-01-01,46.98,-1.2916224604793614,0.49575592589893713,1.0486079496026186,-0.3394685349155678,3.3813071480463917,3.5224642468382035,1.0474835755741148,1.5049340147568213,1.428818252994235,0.33547341754785753,3.56895399756142,3.5609092283614423
1980-03-01,47.15,0.8651384631159197,4.1983636522532235,1.2678694779364867,2.555503439027412,0.33150016427731627,3.4762926835685697,3.3889231158767976,0.604552392394895,1.268512856741405,3.530902921725352,0.755750838673948,0.4760719969298725
1980-05-01,46.88,0.8244411019432526,1.3073132020870253,1.4119859589493267,3.947370586090794,1.6883716256188146,2.62965474554693,4.74984455107425,2.6560764386973967,1.660596970258213,1.732038703210996,1.4229724599249718,4.065780554145667
1980-06-01,46.79,2.2178692614192514,0.762469809191338,0.6725195958715916,3.5565805499057963,0.4608865992257162,3.9630723812061532,1.3589582986093678,0.24856243311625786,2.831480232497955,0.7376999231429957,-0.9116215653435114,3.3399336990392623
1980-07-01,46.7,0.2703304318151581,1.235520369935137,0.41301665958446493,0.9930492839796099,-0.22593689770405356,0.2531340629969686,0.9355799158508502,-1.7708541126002815,-0.8480548069182553,0.9515194433220172,-0.8238591058555415,1.740780052616342
1980-09-01,46.94,2.85031589184515,-0.026923535019183598,-1.223815098520151,0.7421162139627148,1.5120340418024665,0.6204356997397735,1.1990613950295081,0.13071981044645237,0.276409636063453,-0.013033052754696383,-1.328449334425807,1.122671248380343
1980-10-01,47.07,0.707302656785424,-0.41955204403588997,0.886912568544474,2.7885354778055746,0.9590499668276979,-1.2086759207727629,0.2332574288035074,0.49671287259052055,0.7675265069430206,-0.17908581783203165,0.44071704619159546,-0.6783062554544723
1980-12-01,47.42,1.790526066505026,0.5033620168067502,0.340774969959,0.47734236046654444,0.2182137116416467,-0.724404197799605,2.47560498919093,0.6363234063929707,1.0530815642657423,0.6989064516664639,0.9721497724485896,0.7365959969138892
1981-01-01,47.47,-1.0971555284865637,-1.9898105913657391,-0.4856038549145458,-1.8244508791924698,0.5654450714248371,0.6158295417691967,1.355084828212114,-0.2473984367807276,2.3719185666948275,0.8058697993324472,-0.24977560734234402,1.2028112689361667
1981-06-01,47.96,-0.0794483511317407,-0.675208665433093,-0.17936926090235386,0.5663855422641733,1.4294321860536643,-0.5416576348278482,1.6027272010336107,2.169997997491818,-0.33638097527894356,3.2629252653243084,0.8179448132841519,1.0103555909936837
1981-07-01,48.1,2.784198320795272,0.7335104690638579,0.3527641789402091,0.4850811860587793,0.1929994422175386,0.5991525400407473,1.3673891481336746,-0.41497837563970846,3.9275271395383995,0.17295088988943275,1.2656726084707683,3.491317109679031
1981-09-01,48.11,2.8531451849859706,1.1257215575879558,0.911875766756038,0.49514774354314783,3.5551716316171946,-0.9688729580946104,0.8930818003286974,0.991424384103414,3.6683048970953376,0.7164809058314727,1.044280755369132,0.7677498680096976
1981-10-01,48.07,1.1613269223770657,1.545781299844617,1.1500866969519667,3.9847127568565197,1.0107893800485912,1.168770030695439,3.870980379427324,1.337313398567792,4.319311674144091,-0.8862702527194513,1.390674713143488,4.236700062963756
1981-12-01,47.93,2.9706815140842853,0.7066416235805634,1.0813913007305203,4.006867009870149,1.01680026102465,2.8503210216036323,4.777113980578669,1.7250087064041624,3.4529791487450834,-0.00915076411391227,-0.48022689089845977,4.177826087571945
1982-01-01,47.85,0.727265482327069,1.5820317327665443,1.1114273825475225,4.490023359860396,-0.06529366141459336,4.3185018415968335,1.4302461518181222,2.1908437962411678,5.085002389782095,-1.1797393167252932,1.0296261522383698,2.7202679227365207
1982-03-01,47.81,3.1792795615930998,4.4266784315334915,0.33066278542636546,3.8856601725889623,0.9872451645945161,3.2363998734341304,3.8836788266412308,2.254050936102263,3.039437301148089,1.7742906392643782,1.1155572015293378,3.867841964605069
1982-05-01,47.74,0.6148545775397133,-0.2705246924073596,1.5090222983277382,5.042218772092527,1.1343958667043885,1.1467641866091252,3.8298090072318423,2.8652108351123746,0.012285170560790658,-0.7115038741563193,1.533598292046095,4.393522910484609
1982-06-01,47.67,2.6658850629547786,0.19617331957719011,0.36809405864123823,3.8450194687243058,0.6990197252903178,2.8565244411898107,1.6609743510363417,-0.8380340821291672,1.90822328379971,-0.017852244398465954,1.5238580988930104,1.5271322648987045
1982-07-01,47.59,1.1268250055684845,1.8556415456750175,0.8865497066156625,4.92121585315507,2.3532195050782416,-0.5674894143002437,3.5362198988797386,1.1905816830373648,3.5441126970695804,0.42379978796257917,1.5760547527244635,1.0598199553146552
1982-09-01,47.49,1.0499930372857251,0.5382356715270668,1.411205444327162,3.213106455293538,0.8976025202550739,-0.47872822182762176,2.251740544556368,-0.38678500481492045,2.044590833818211,1.5094685422499443,1.1253106950575666,0.9574989269394125
1982-10-01,47.4,-1.6205306794956231,-0.005689998176060842,0.8274204474225157,3.8769231272008313,2.5746346181843474,1.0249140670647068,3.7998431058078825,0.45683933713720115,1.6729361762814525,1.2188554105551048,1.136883176659729,4.542354960031485
1982-12-01,47.38,-0.9067394328711171,-0.10475396591429077,-1.5545562895098566,4.006248732146919,0.45174755026484686,-1.041310134045009,3.2944277408271994,2.743191069238709,0.9970827452257763,0.6703270215107113,1.003038245171565,0.8152410046825868
1983-01-01,47.56,0.8744944002265582,-1.6906792479651886,0.30698679881140567,1.528433729854276,-1.2217765749948573,-0.7396285352964982,1.4377646154691108,-2.026692953469617,0.7888182346204549,0.8349349887939809,-0.4831890268126898,1.5417049553687394
1983-03-01,47.75,-0.8338229078284958,0.4210821638708511,0.3969096398114083,0.8995964377316885,-2.906178752030174,1.1330508781641322,1.0649719244662637,-1.4456793869349702,0.411833045294593,-1.850227772540999,1.2849946580273424,0.8860337075634532
1983-06-01,48.29,-0.7475588535489316,0.5481804992730526,-1.1574828467931753,-2.483920979874363,-3.5073386572101746,1.2842895565636772,1.1443015731314556,-1.3348756414155156,1.0786730168744736,-1.666528460266778,-1.5667319014264145,-1.591995463486491
1983-07-01,48.64,-0.5263512974197221,-0.21058452384217627,-0.02673121008573017,0.44691288772381543,-1.898510418855806,-0.5033397493316165,1.0417247856874678,1.309575568243514,-0.14486300922508638,-0.3005225621332586,-0.21574709970986067,-1.123223976195835
1983-09-01,49.09,-0.5727424367991522,0.6925681576778525,-2.7569810328654363,1.5176786458397828,-0.1512607287003428,0.3360943553199548,1.2465228658453305,2.1001124348631084,-0.4520760846737522,0.6930749280688647,-0.07873836421424239,0.2718536830306765
1983-10-01,49.36,-1.1452107330452501,0.025079329158952172,-0.9472216770130615,1.0622827972342392,0.7261024593957998,-1.6668892588092903,0.10512156925340668,-0.07425576270848439,0.6616831399806696,0.5537620469858663,-2.0392856918104743,-1.612217972341241
1983-12-01,49.88,-0.80727134068313,-1.7132612996771264,-0.8806596422332393,-0.4532569562975791,-2.9762343099798367,-2.700725510272133,0.7413030484209624,-1.1693997586877987,0.6609944924455434,0.9303119505974197,-1.6339790116994148,-1.1112603125744147
1984-01-01,50.17,-1.0066872331369354,-1.9890355597949207,-3.154142664441211,0.26827906773857746,-2.9251524208098534,-1.444046661937162,-0.8897221184378252,-1.7331713847758259,-1.4780024949964783,0.8837149126730487,-2.414263763122232,-2.439085170476373
1984-03-01,50.68,-1.7313518110660582,-2.2891926070361412,-3.396931585039367,1.2161691871103046,-2.4571068819262702,0.7562254916368016,0.9621933216303132,0.26504093179902577,-0.1608136598230807,-0.7231824842331522,-1.0214596018521502,-3.6919324936398192
1984-05-01,51.19,-0.035683249129361085,-1.9753191127933745,-2.341678431874817,-0.9351150256397401,-1.9227153492039426,-1.527498326852484,1.3622762164019733,-0.9797008583362463,1.1287818450666067,-0.24385933437852594,-2.0667617507989724,-1.667192938946665
1984-06-01,51.46,-0.08165994240678957,-1.243910784098796,-2.846202687088954,1.268536357837731,-1.4658201727851115,0.6678405895076489,0.8078883408612042,1.5077618542190436,3.627099464186475,-0.1364732917567476,-1.707614396335428,-2.234592092722845
1984-07-01,51.6,-1.3709870723883815,2.9553076586144793,-0.8177215479862685,0.5461934873714352,-0.4089153318785055,-0.27196157976838453,0.07980423158425343,0.3314488908053071,2.8602907423457538,1.4343255805022788,-0.9589101641763043,-2.9606342151752583
1984-09-01,52.03,-0.14310025853587272,-2.934562342876143,-1.3661695507189253,-1.9149988527633361,0.1955248167037489,-1.5499726963645355,1.9750076194375603,0.6747049253632316,1.0415075688044744,1.0730961452014107,0.6237444424059482,-0.03410908162156722
1984-10-01,52.2,-1.2693513291224254,-0.38383357722443984,-0.8344099669738432,-0.9085738916832364,0.6815844994538333,-2.582151551354973,-0.027612109992695408,-1.7223174822948195,2.037172911214069,0.4698898721494081,-0.5286405734408539,-0.35091279165718736
1984-12-01,52.56,0.34064085634127445,0.939672731629244,-1.2062124090969046,0.41973759948943,-2.332271815756907,-0.32562839810256444,1.1349024467672306,-1.0108640567130218,2.1001652218187696,0.46111515730892233,0.06611264209997497,-0.23788083045993774
1985-01-01,52.75,0.2799077628595469,-0.3142365807381378,-2.3147446253175694,-1.410487412304275,0.3431934165425363,-2.5102869814262037,0.08543362711791244,-0.13784714319971145,-0.19342571612414566,-0.19342571612414566,-0.14035820373901503,0.5201422470606825
1985-03-01,53.11,0.6931552450029769,0.08726813536800303,-2.532064435779738,0.6012303355498767,-1.699300960004125,0.19169071697857307,0.31950486471864775,0.11534059852257521,1.2872137707730746,1.2872137707730746,-0.24179998652398896,0.8098357637422675
1985-05-01,53.45,1.4076786300514375,0.4023254461438541,-0.5101772617943218,0.30975890246822324,-1.2968673993787385,-0.8557141468096068,0.8550538277798034,-0.7812811516313565,2.055984618112778,2.055984618112778,-0.40226811635220244,0.8027411846691832
1985-06-01,53.55,0.006457020254466513,0.5710329905615308,-2.549481695070022,0.3429182380402484,-3.279415638360391,-1.9258858059102435,-0.11535622653805058,0.33390422462980746,2.4560412383053816,2.4560412383053816,-0.5112250163527642,-0.09715822569192267
1985-07-01,53.71,-0.7834413038776284,1.808068069833836,-1.8387601197916148,-0.38773465983381855,-0.42455541400206215,-0.29979667412713135,0.4896089318888633,-3.0830360231191536,4.421087184697441,4.421087184697441,3.261541705141576,0.3893950514966643
1985-09-01,54.08,-0.3568145797836798,0.8259623913680996,-1.9837322055421258,0.3588345294527146,-1.078478242241488,0.5283321678191452,2.3241876938001087,-1.4792523123460655,3.054607958302242,3.054607958302242,0.061791961827899894,1.4847927390463513
1985-10-01,54.24,0.7433702943957834,0.07058760082759774,-1.2131563949830277,0.7554816304263737,-0.860338448265916,-0.17616450329085162,-0.3922408049154118,0.6225215609443638,1.4895676101157256,1.4895676101157256,0.5117476402837222,0.950897311090594
1985-12-01,54.58,0.9616666106034027,-0.4691274615712884,-2.5765412387129305,-0.11176418189194703,-2.100699055305331,0.8080069747508123,-0.3600004167377734,0.8482620423908157,0.9065441494385572,0.9065441494385572,0.7664429348044035,0.5249536565086615
1986-01-01,54.79,-1.4455277620897469,0.44928544383155883,-2.2810187990721627,-1.409603731812518,-0.9327257220367742,1.1876806031649598,0.5643651780563668,-2.881807448026733,0.9280146138477486,-0.5075080963680204,1.0263924133845659,-0.6549582655496083
1986-03-01,54.93,-1.1581319747835257,1.274894538995119,-1.7157880959407676,-0.7416742591086352,-0.7164429839908117,-2.3054622620818646,0.4523939835471504,-1.2376374220741355,-0.08880073967324514,-0.4418121103982495,-0.10838826699042647,3.5158437208262927
1986-06-01,55.28,0.26308141360093373,-1.3431533520891397,-0.48547099976046865,0.00013255330534511748,0.907052708818357,-0.9106379792295765,1.6398264340503055,-1.1488590063278858,-0.14298645660705384,0.8325575094268539,0.9284420374652962,-0.6170198323434405
1986-07-01,55.51,-0.7878139170264264,0.16455438922763696,-1.3152541747644488,-1.9534578268607594,0.7614175057438507,0.23401909128354154,3.094884254493474,-3.245519600374626,0.7492375425590719,2.371698030831031,1.0116454358464595,-0.5634910747449693
1986-09-01,55.83,-0.04307852144522156,-1.3097846327363787,-2.099181435497695,0.2721169050807695,0.13115679895337887,1.3827339312504732,1.735638621744125,1.4118385006512018,-0.2996764883579187,1.3727952932034693,0.33007468038631627,2.843667945666195
1986-10-01,55.99,0.7873656834867274,-2.4538449103446407,-1.4444344834153784,-0.27200850130865034,1.3489303992306507,1.1731208784009377,1.2831409448159434,-0.8267092625915766,0.8625892050705722,2.039992089366812,0.27331189844435727,0.5594968532818196
1986-12-01,56.4,0.29454561003846014,-2.0854097658529476,-3.727261546551703,-0.44531625125263047,0.6575503689799601,1.0002017702493888,1.3361596905179123,0.4560582860472221,1.4889295298188139,0.9578986077581064,1.4706613383481109,-1.549920981499772
1987-01-01,56.55,-0.7460908663330941,-2.322869039519044,-1.7773080217514594,1.3139347543832982,0.5684008819547669,-2.1945458168138905,1.0782748100944486,0.023094912148576497,0.8102486733732676,-1.2544398567166695,1.2523632966086935,-1.6958866015481746
1987-03-01,56.91,-1.8307047070597802,0.7563145882436981,-2.9309881060113505,0.4382051169021267,-1.2099154084292822,-2.3729241037499955,0.8265781353479426,-1.99754919632172,0.056707491056192334,0.6556387762406171,1.060983525140287,2.864224878736037
1987-05-01,57.35,-0.5617296446768593,0.5915387312401423,-0.9860769368105816,-2.0686645964316197,-2.8185430132745255,-1.3457775364613165,0.3775942769301286,0.5378607085203357,0.5941993961835719,-0.2887012331793016,0.9404469011423771,0.23476192008568916
1987-06-01,57.53,0.733434463386315,0.43132999708611985,-2.5634364787760444,-1.2761835762729286,-1.5870107683767576,-0.7367684000394471,-0.5255363254295583,1.2077271921799642,0.30320079219848206,1.1263803402441552,0.367757435918153,-1.3286481490817847
1987-07-01,57.76,-0.46423133573440184,-0.27753884074093255,-2.861357890849814,0.49251214946607597,0.3132630052453625,-1.8543846594074045,0.5988930184094562,-0.059921623330498545,-0.21716963645491932,1.2514821830444947,0.18152993415439875,-0.8298230250258085
1987-09-01,58.14,0.14005733214469826,1.1923045997459571,-1.66674017078989,1.264677204915458,1.693185051488864,-2.9257236017097044,0.43970273929739956,0.8746781420166156,-1.9969624549210738,0.7826529812470294,-0.389884410798963,-1.478550600857521
1987-10-01,58.37,1.1623173940703801,0.24557166403930641,-2.7149311344925002,0.2736577222209281,0.9930737384465668,0.20688301337163648,-0.7997984097519524,-0.38588969873497,-1.0388476140805087,1.0774592265031087,0.4330700083366599,-0.9910214557936093
1987-12-01,58.83,-0.2262718188659077,1.9656498734713184,0.07454285891860916,0.9041541282619853,0.9116067348703123,0.7086430392685585,0.9237719304648881,0.674081456637328,3.527953895692992,1.2379824900823642,1.106365805665564,0.30396644810930334
1988-01-01,58.98,0.471704900244701,4.991640628279899,-2.0924406480758533,-3.1300062642558326,0.9170383374354799,-0.17664698335435997,-0.670157254319705,0.1679853820731416,-1.528773450740874,1.4630287215750966,3.276589507045096,-1.1558566125388843
1988-03-01,59.44,0.10679983324195266,0.5105701862301968,-0.8755167377940901,0.5311042234680435,0.778534716142279,-2.7439929408813226,0.3795323225440088,-0.9120764438993693,1.2344597495477312,1.2390270054619494,2.159470371508615,-0.8794411859207583
1988-06-01,60.13,0.48599205795468836,1.0334128170161563,0.17144851928141167,-0.468279830035254,-0.919986790111833,-1.2574181027378868,1.0555787296584946,1.7364577769299068,-0.14530009427063317,0.43382431986314257,1.153055118964299,1.1879752229514382
1988-07-01,60.31,1.5055685414880395,0.4486618915653851,-0.7386248191570742,-0.8256932141373399,0.8671455424654585,-2.827558516552789,-1.6397257731162023,3.435082610995003,1.167452396391748,2.3276664194641756,0.9362959086639522,-1.6489933066085836
1988-09-01,60.68,0.34396843811053,0.5637495781033827,-2.414417228706312,0.6568320403880117,-0.4898433936296902,-1.651478503817625,0.49022676421743744,0.9169249370916831,0.9641012937928825,0.632765394943821,1.2554986223377902,1.35328703876319
1988-10-01,60.87,0.81150222205049,-1.1133826263909417,-3.1215133747448016,-0.14443243880311196,1.1950083475346667,-1.6105770666266692,0.7236455748617135,1.4571125746543307,1.601075009057519,0.9055100472599809,0.9740206702731552,-0.5208348810474732
1988-12-01,61.31,0.2900379693310757,-0.052034440154949575,-2.858143419554353,0.5605695741617802,0.31175873245329133,-0.2822332880140507,1.0774957303292307,1.7154786423438972,0.6152074187316269,0.4517810319980017,1.3538297972000486,-0.16682155305463736
1989-01-01,61.48,0.32672701953579436,0.15856717913728677,-1.777964947807354,-1.8475706766711122,0.7912488010125773,1.2430647295309336,0.7979067272692056,1.3576556707784104,0.44241223572086447,0.11410566740682242,2.3057435687565118,-0.5426528853871725
1989-03-01,61.95,-0.7879417543353356,-0.33704887698847036,-3.8038263020968293,-3.9735998108560007,1.400586160481209,0.19830598399708912,-0.42616979695899665,1.9930911730718832,0.07286691571975945,0.7589749368846116,0.49774278713682146,0.018775435483515162
1989-05-01,62.21,1.6255245161937795,-0.2937300366561532,-0.33011273778788713,-1.3539678579470622,0.8310155326945218,-0.16850403223846205,1.3051103974004035,-0.4270865563875136,0.18260836916979553,1.3679559514378197,1.0963948899467033,0.8682962717136046
1989-06-01,62.31,0.8862342893272438,0.3585472450132412,-0.3486010823310769,-1.5464165723071939,0.76928718598464,0.09823485064384702,0.15678860287443047,1.5408591748316085,0.9718877638100649,2.625405456109298,1.2637395191744554,-1.6688139891392917
1989-07-01,62.44,0.8784531970575431,0.33787176388740137,-0.6236196697433649,-0.5739953243491738,0.8130285757780842,1.0975562024966778,0.36156356196220424,0.34952364023699706,3.778973857922735,2.159331371211553,1.2143462997993009,0.23282229332614252
1989-09-01,62.67,1.5175060813796757,3.5883724267602677,-0.37499607245317346,-0.03048542673401006,-1.4581641977188144,0.6791999674736484,-0.40313183896006516,3.0882019146385487,0.9905753507583371,0.05883670391408768,1.2109866402759484,-1.8022195324259036
1989-10-01,62.8,0.368391032373236,4.265400834055707,-0.45842195084094495,-1.316390451153157,3.780390469648562,-0.12083771564628226,-1.1052680910576718,0.7255968947602311,0.690660315527333,-0.20795189607179507,0.5911500922277654,-1.820126239094315
1989-12-01,63.07,1.890187332981697,-0.56585848085791,0.09140674190229664,-2.7770989588211483,1.9072201999430851,3.180016315730593,1.1673804689832117,5.944558908296572,-0.22373243031684037,-0.6847108464647776,0.7185754835325748,-0.017774043198575742
1990-01-01,63.27,0.13935541934104181,-0.16151108126197683,-1.3905532393758555,1.3549926237818137,1.2183755872078623,0.7606123720644947,0.2947923996072187,-1.4258035395200288,-0.40525228257303353,1.0318436209336677,0.7031301219939214,-1.2271751025319073
1990-03-01,63.67,0.8008043559613607,3.16193318724274,-0.6628212349850293,-0.7390530560687667,3.8795783274439475,1.862518238338138,-0.592992971121975,-0.35433469014762004,-0.019181500546157228,1.4544237142488896,0.28097655065492005,0.33005471707065476
1990-05-01,63.9,1.0547289735379235,0.9973377432660445,-3.4475226061371123,-0.34750486725485846,0.8720056379745643,-2.5530822401508706,0.5602671181468373,1.3239398562262525,-0.3467187669791255,1.0468882064307385,-0.42627027165726805,-1.2609613641307496
1990-06-01,64.06,3.505709817512036,0.49613219552833276,-0.42875121112286246,-0.9459040180798322,0.9888683506666267,-0.6794942366687501,1.8354878282526643,1.1760883408640534,-0.3110749451012544,0.7253923093666315,0.9890179579480731,-0.42018004010529925
1990-07-01,64.07,1.3566591009956959,1.5322671336581661,-0.864991764257806,1.013970355620627,1.760951975988953,-0.12396468483156742,0.7197507276942219,0.7948787392576626,0.7119689014502412,0.8503298291303246,1.4565327536767392,1.1154265140179467
1990-09-01,64.06,1.5996865731243983,0.7002581638239371,0.7332772691396464,-0.019489406000983693,3.735053927295988,1.0404732553343785,-0.9909682430533058,5.25648689889119,0.05153826679527762,2.2162745486625344,-0.33139376417305527,-0.790295135338233
1990-10-01,64.1,1.1204267889414636,2.937568388598347,1.1110836229207135,2.615391606865801,4.028822280569229,0.18472911459905994,-0.06669997166146013,1.0738541652426226,1.5018512062258935,1.479650780315501,1.1399576166749763,1.0115170663331485
1990-12-01,64.04,4.694638520859307,2.877389998835158,0.6764829081487971,1.0242222270229717,1.2039021738251054,0.8934702049069376,-0.5728591536517553,1.146373908073834,1.2416822066512865,0.8158704738806845,0.8140077696120982,-0.3464516065738391
1991-01-01,64.04,0.9025305893032767,3.0814398804782175,1.2785240983405906,3.304696777255175,3.7141590551111427,2.447765376664356,-0.4792887846519023,1.1850343921292021,2.988801457609939,4.833093143207558,-1.1593816879395378,4.75735846820459
1991-03-01,63.89,0.6894107073482332,1.302817835854382,-1.8586354629764823,2.754538149404706,4.1847063996520575,0.7879765885300734,-0.42790594693210215,3.9472034672574385,1.382812625963182,3.395660067330626,1.191603514081287,3.968669830392002
1991-05-01,63.88,1.73351343671247,-0.1338602171146208,0.28516217646163333,0.5390934268876391,-0.0937482741099937,-1.2520724741410505,-0.8737503427624097,0.9587538221021948,1.416701775433624,0.641618431352523,1.3526238596102935,0.6528063084337791
1991-06-01,63.97,0.6241696779399392,0.7078691515763048,0.5774536122009014,0.7087500308959472,1.2329096163253566,-0.16584394768171387,0.6046978964607201,1.2380840546312386,1.8798158511006995,1.4791727112232236,-1.0369338639484378,-1.2659024113454285
1991-07-01,64.06,1.2830262654343005,0.7433589430035573,-0.6968510478042138,1.020468693667907,2.7091304596748453,0.5368000560139256,1.0245086481367705,1.4098024613826878,1.0678810901194238,-0.29786829198633885,0.6507476900157207,3.596036583331037
1991-09-01,64.21,3.0363137776986098,0.6374336443800588,0.23132732838229883,-0.14166327359319186,1.771939554784163,1.3626800475339735,-0.8095433454310335,0.3701112036471773,2.05187608326058,4.190508493232197,1.3354816778655716,4.30950215506288
1991-10-01,64.28,1.1163027806486217,0.33600116213351144,-0.7083679177559847,-0.07284600353626372,3.382748651510594,0.44998457033657835,-0.026005204490019793,2.104340927977783,0.7651749097815537,3.2364903136896537,-0.2482495160641413,2.680468472724011
1991-12-01,64.35,1.5726213436311913,1.4069497770121462,-2.2521722248807405,-0.04534820849185742,1.4568108685677321,-0.2950100504216192,1.072107796248532,1.0390112596383152,0.08574729995121627,2.0582477759967452,-0.37794294027863296,4.611433680899843
1992-01-01,64.46,1.8112612530010164,1.460949584038014,-0.17648143154090984,0.6694198348913988,0.7275958505710461,0.279593395331664,0.18929090658949313,-2.242784299601614,1.0123210751538856,1.5429427049622089,0.5586885931468601,1.4414157617201362
1992-03-01,64.62,0.43876712122103473,-0.6775991050467852,-0.7577036824220276,-1.5804180839354023,-2.3483795154994263,0.5144836909000157,-2.507006178039195,0.7166266728126797,1.1136571796576358,0.31563908771249477,-0.6277271368405706,-0.12431554244737249
1992-05-01,64.86,1.2562008500608346,-0.25635433460360973,-0.44976298828198885,-1.8813568781046774,-0.35537089441975855,-2.09901186744692,-0.9235337848227868,0.09892046805351806,0.5374113488211755,1.6497258901531597,-0.14339018248346247,1.7349046976762357
1992-06-01,64.95,1.2905098879698822,1.8105151852747279,-0.6191642085465585,-2.1561116810736305,0.01767962372158973,-1.1277584105633196,-1.4583392091386818,0.7164950642857015,0.448908403090776,1.006930283086025,-0.46806996716837496,0.9606242983056303
1992-07-01,65.11,0.8429170639344751,0.6114953147398311,3.0679025118902725,-1.220261749572092,1.0564035427361032,0.2881375112200885,-2.4850551035673467,-3.3805347246161075,0.1731528734966917,1.5168557863651626,0.4980131675720175,0.35060797426957946
1992-09-01,65.37,0.5865885584643293,0.7810442216948966,-0.7080588027435856,-0.4540209824583814,0.9595776299215324,2.311014588196085,-3.1200754146813754,-0.5573584129330276,1.1498584035542083,-1.9867556523906615,-2.503196874932713,0.9846153226780926
1992-10-01,65.61,0.2787707862092493,-0.1633281970832756,-0.22272628905548436,-0.871072120989033,1.241411877288181,0.9719792992984045,-0.36356097110614966,0.8338515299770483,0.41859346984902723,-0.34650882129803,0.762963230049537,3.758054043571618
1992-12-01,65.9,-0.9469135961010936,0.5430473409244331,-1.3595513595250943,-2.4192528724178306,-0.825129619979445,-0.5639059537452705,-2.2958506715383864,-2.802949400289889,-1.8214734293542805,0.05319589170336168,-3.2523735606555904,1.0929876967042274
1993-01-01,66.13,-0.07303695277397493,0.6319184696498975,-0.8510991807898463,0.8795348667223671,0.07695680183998824,-2.891836185100661,-1.8433142425428108,-1.6028059295313368,-0.940921763614806,-0.9255692892394534,0.474595406160651,-0.40151094975597706
1993-03-01,66.48,-0.3733207133090139,0.8812367695237111,-2.976511942990899,-2.790680431417717,0.05288313714506376,0.6233540458957568,-1.6367820028368736,0.4852049826958875,1.0130180803741187,0.3325749291657144,-1.0873546588407623,0.5490212757382019
1993-05-01,66.83,0.06173746590864021,-0.32995455288901704,-0.4994830378397757,0.7183758950779774,0.3376795595595692,-0.37045579044730137,-0.08818901245583449,0.6014167034159281,0.2749602490489242,-1.4096591594920593,0.4952613069676492,-0.5613456775895822
1993-06-01,67.04,0.9897488822279462,0.10039716257332207,-2.0732652947376096,-0.11212480664614016,1.1411721039487825,-1.71958392036577,-2.1139227041080804,-0.23329018277532415,-2.633982152156279,0.7360522767005261,-0.36364290577961206,0.8074930990174269
1993-07-01,67.27,-0.00117208854818396,0.3621914519024368,0.4884801249966075,1.6116246724573955,3.3902192016586308,-0.11080711517112474,0.03523083926590098,1.4509802839867074,-0.7678191413178037,1.4390661060936694,-2.3530777703152097,-1.2206536651504936
1993-09-01,67.68,-1.7275782088623535,2.3540269767344912,0.905427432301071,-0.35887261367947426,0.9403176244842085,-0.20665114271369264,-2.671749352349824,1.1686575725505228,0.31821011523241777,0.9805556201684051,-1.917018770326252,0.3823287656023765
1993-10-01,67.84,-0.7334320650087973,0.7299710771970319,-1.904622396814516,-3.325481721940911,-1.045362269852741,-2.5887997851008877,-1.8664788674969095,0.8748787403201527,-0.04437575409934926,0.5789856282422405,-1.2315935787751955,-0.8690485234152286
1993-12-01,68.38,-1.5105565982897737,0.2542140324128907,0.36409157564647165,-2.3412527455463605,-0.26458303027732116,-3.1114620340395485,-3.5954480205587025,0.49614567620607974,-0.08176014347063704,0.009687064978354849,-0.8275315553347745,0.6838663390364463
1994-01-01,68.57,-0.354936000604152,1.6752854015553396,-2.0934989445623957,-4.038210304782782,-0.32658521874078095,-3.695329104520365,-4.243620947864869,-2.180526299230281,0.4910496533655109,0.6766467360810297,-1.0667120907266647,-0.4108841448197767
1994-03-01,69.08,-0.627213602511944,1.0653271333592746,-0.44693441903731335,-3.217932159882362,-0.47228577951887835,-0.45614886290621537,-1.391170061736764,3.841567753185633,-0.34032492898152494,3.544495653741587,-1.371557622845007,-1.4554061325788625
1994-05-01,69.67,1.0937616507836745,-1.9969137426178882,-2.9912744050656297,-0.42801855381939663,-0.997106334159805,-2.832430104417922,-3.8844120025452593,0.6571204596768048,0.12019815398230993,1.7066322223083243,-1.604418821296202,-3.1470783800023816
1994-06-01,69.91,-0.19797919484645107,-1.1540714833691825,-1.3631721440359053,-3.6403876270366093,1.0320335191224261,-1.0795367732118284,-0.9787084152328015,-0.8907196058118233,-0.8389220968312658,0.5049833638970941,-0.3331666494260095,-2.535897484710136
1994-07-01,70.17,-0.7367186700490911,-1.9701478755156108,-0.8104075056631523,-3.0392804137540907,0.9215660627967129,-1.0415950946183221,-1.0423934410074014,0.8197527151941826,-0.7617788690800236,3.4908133204698224,-0.9797021023081466,-1.5544580295662833
1994-09-01,70.7,-0.43867861476800946,1.0525558205474619,-2.063160127936943,-2.3943092737824743,0.5954095020595477,-0.4297792215676379,-1.152444546408913,-1.5231359378660414,-1.0555011530354927,1.0041470002003468,0.7751646267345903,-1.2636613715383045
1994-10-01,70.93,-2.351896489101324,1.4243672841944612,-1.6398822870266945,-1.6531937775455712,0.910433655883363,-1.8279994328763214,-2.6290280907021524,-0.32289449357117805,-1.5989736926864884,0.9731878952068603,0.16971139806584723,0.7781927404139505
1994-12-01,71.52,0.10657630686194884,0.42542557962368005,-1.2795278547431652,-2.8393484322341545,-0.37109604971238547,-0.8074602311441522,-1.9491217628098763,-1.3992310515792723,-0.4244058060812405,0.7323560281313543,-0.8217844991363747,-1.4484900079922596
1995-01-01,71.73,-0.5365521328111886,0.5941456023765406,-2.318085408909037,-1.8290689947823104,-0.019986150432127706,0.10006768033988664,-2.6938613403124743,-3.5485967994770693,0.2428604791513236,-1.4732195191763438,-1.464478535613136,-1.5749400685511439
1995-03-01,72.18,0.7816913666361431,0.9051780552698012,-0.0805252836445419,0.15397829024470222,0.6058479593162325,-0.058236712259404584,-3.4483416616803284,-0.3160307843428571,0.2788182869843267,0.7746123540339496,0.3120408473152607,-0.5037337312558721
1995-05-01,72.42,-0.3900974718672314,1.1971434366651315,0.8080355876424665,-1.5315250436763648,0.6643694775783834,-0.04150875788215031,-3.1362331137846624,-1.203184037560098,0.604621896102184,1.1564067772217272,-0.185633613824089,-0.367550337132046
1995-06-01,72.59,0.37635382537243034,1.2760821048297857,1.8459432167097667,0.4856805238843426,-0.8835102935742328,-0.04620511565063103,-4.976786318453009,0.5876446024376941,-1.5359099681673807,0.6602559056182,1.044803936338397,-2.124447784644036
1995-07-01,72.71,-0.47920769408925395,3.5184150831150065,0.26096315452093716,-0.6706174249617592,0.0831157838430543,-1.197024154206944,-1.989433737697208,-0.49896846630915936,0.2805316387551864,0.16133581294734137,1.0195939218673193,0.550879872422091
1995-09-01,73.15,1.0765654410661771,3.8849633628995393,0.5715037317226248,-0.7699119740207484,0.5543596551197592,-0.6408635632567592,-2.3024974423898437,0.8014558388272207,1.4264381189952047,0.7094450836254611,3.1891502591280845,-1.4305821485554309
1995-10-01,73.34,0.6600496351320974,3.958364338029545,-0.2488576793229915,0.37213061616519155,0.47271565027252715,0.1917026399961646,-1.2364697825831303,1.8665117446230315,-2.502033926209492,1.1004659514637158,2.254621625780357,-1.3966108309867702
1995-12-01,73.66,-1.4780724179725029,0.534116210682985,-2.4157798009871834,-1.9643721775868255,0.2301128659339798,-2.702308332489659,-1.5394189358911234,0.3951600483715052,-1.9443751361131365,0.1514548880897007,-0.2277187050088974,0.6194165344058491
1996-01-01,73.76,0.3554739309686556,4.225110924806873,0.982323909224327,0.39750908181308625,0.9945703471492535,0.3613283059214795,-1.4544393163896687,-0.9210307032186307,0.9595695278203755,0.8108063461889092,-0.7731128580575222,0.8237784415497915
1996-03-01,74.26,0.576178615821599,-0.8011745643442695,-0.23758583375194275,-1.4070545227497553,0.3938959554178771,0.7716707500745881,-1.9889475760313442,1.8249063695242314,-0.4099189198232815,0.7497262758637852,1.2082833826013508,-0.4161744918955834
1996-05-01,74.68,-1.822719444818325,3.174866206319779,-1.9612842435943405,-1.3430410470798535,0.44198021477883304,-0.22126078006079508,0.7151570187700705,1.6980984555324876,0.9206133226706538,1.1942331505143455,0.9634473961696964,-2.5601020438335893
1996-06-01,75.03,-1.0826972358170857,-0.10608675557570357,-1.3381368216722362,-2.1410958619119813,-0.5496752601481835,-0.806735245996621,-3.0696737606024698,0.2555335275377076,-1.6392134463303818,-0.2346302924776596,-1.6181177826724285,-1.487969085987485
1996-07-01,75.18,0.359433331855376,0.950246032775625,-2.016093760726113,-1.690184617692823,1.8142400990985619,-0.6953899470990567,-2.5593515772216135,-1.7428182414718685,0.7255064426446767,-1.1653770149709777,0.35892339428079484,-3.0339051762272566
1996-09-01,75.67,-0.036111935494558704,0.9270884809502454,0.38461618562654126,-0.5523403995606398,0.5526969025021646,-0.1847468227569445,-0.5789536437369242,2.934744063446395,0.08345567910937807,-0.11303091882170997,0.6560295097745729,0.08440493575036187
1996-10-01,75.89,-0.46108151082370197,-2.3101158574225633,0.4985828040391885,1.3550268068346505,0.9951086336288467,0.2745437160066304,-2.2234162955479073,0.9810123451752918,0.0013657520948261838,0.18527428302996904,1.3110288275572601,-1.8528339605588573
1996-12-01,76.27,-1.3274880524307306,-1.1035374753184082,-1.3981099858574593,0.201845493202698,0.6042157226510252,0.1811836626276993,-2.4720127157835456,-0.44643572854081415,-0.765180018853714,0.6140476475667513,-0.39285772409973124,-3.6217518214892905
1997-01-01,76.53,0.1618221742072311,0.2488284085699631,-0.6054060744471593,-0.6746062219862666,0.779595849859853,0.10056821826599381,-1.7973687975662194,-1.948954144223745,-0.7991041856357828,-0.8970807240414179,-0.1123956517703206,-2.5633907565511342
1997-03-01,77.05,-0.3368313189654974,0.28869425551594485,-1.758290481476522,-2.386464066374922,0.5519761717354447,-0.077471477762317,0.9688578671543391,-1.7825045484337751,0.8723753676083698,-2.294694107309781,0.8391490669082526,-3.7266866561586047
1997-05-01,77.63,-0.476057393920907,1.3876259134301874,0.4905592419702423,-1.353968808043406,0.03736706512286345,0.2972947085775767,-0.9577603895051616,1.0398685433602408,0.6469234069557759,-0.37163097471863865,-2.1047957079644166,-3.749058655294775
1997-06-01,77.83,-1.4776944731809818,-0.009151785224328073,-1.7505499092146473,-0.636038204523503,0.2966822698426794,0.5705560589952023,-0.596014366338274,0.3543949410422998,-0.0021258527374563036,-0.10222817131444414,-1.4197274040602388,-1.8685140955480417
1997-07-01,78.11,-1.6439574640034278,1.3661093632054049,-2.4487513718744527,-0.09555851003527188,-1.629973059257619,-1.335716569054404,-0.9489409955949498,-0.18743600909731412,0.5659999550930406,-1.003289435492817,-2.042831229369939,-2.171424079640553
1997-09-01,78.55,-1.1417147542070496,-1.0003140491500473,-1.0006520071652152,-0.1413232200016129,-1.8265828189250706,-0.07509436786865516,-0.7467993272024,0.46427975186350723,0.3924655660496757,-0.6204075028186307,-1.1480157663691808,-1.4181702339032671
1997-10-01,78.89,-0.19863872579110659,1.0253799408761577,-1.3335424139037444,-1.1375759337899676,0.031553076514617535,0.3233063286092057,-1.6277575241556934,-1.9753357661544584,-1.2594432144614798,0.007921231321376027,0.06364946520531672,-2.9036085497272808
1997-12-01,79.42,-0.3352172392094402,-0.4792166980030827,-1.3192405884894471,-2.067352892017767,0.133334169100138,-0.9701575362830516,-2.439740645455859,-0.32317823409763097,-0.6484254419576736,-1.5556162044113824,-1.6635760580856158,-4.140755367582504
1998-01-01,79.71,0.11519075975198027,1.4983967934408797,-1.4721179198893897,-1.1524099904297924,-0.4457216932951082,0.7894167296376441,-0.8159094384546877,-1.964918080030256,-1.7832946530799476,-0.35145901871276497,0.5783945889792818,-1.3553668821680447
1998-03-01,80.09,-1.1017088466207776,-1.014706088671356,-1.2245859510319688,-1.5970667873822435,-0.06652760242205948,-1.0625923951101008,-2.2131738475830267,0.3542442250035367,-1.0055047463590097,0.4453490818959244,1.1876786551126737,1.9007839410219751
1998-05-01,80.69,0.16870812331079119,-1.3409629360581738,-2.7045748852543174,-1.700515940019056,1.1698687719299818,-1.3553542003066743,-3.692500299136533,3.1234343913059344,0.957000393961202,1.392070633408304,-1.182645419535696,-0.7089363413576087
1998-06-01,80.92,-0.65875992506393,0.343167562905519,-2.096960560742225,-0.8055556641101269,-2.8962425857962364,-1.247244227018143,-2.1373419589772316,-1.887898450380669,0.4300469732470571,0.11961250914385436,0.6126898024647082,0.008994526713876792
1998-07-01,81.12,0.579055610142414,0.9547492084711945,-2.15291973852533,-0.423159958164909,0.9951895824216065,0.5021009311131331,0.04947362221678542,-0.004309074582652018,0.8984886063772081,3.4102534416826322,1.1971856299128651,-0.1753860265181282
1998-09-01,81.57,0.5036878223763511,1.416142603827861,-1.573797126568789,-0.839027982029086,0.21919610075953935,0.6900501225352094,-0.6553930566431849,-0.8742719265815675,0.8980279242332317,3.1832389277613564,3.308103314761131,1.692187493624951
1998-10-01,81.83,1.2692269272868901,0.9307651460462838,-2.1791402176799437,0.2467777331444945,0.6696023364373438,2.210691207413631,-0.3586812643415704,0.5658998185961217,-0.3405979573937267,0.981224037089872,3.0008942140364305,3.4429205541656542
1998-12-01,82.38,0.7670248548260046,-0.5929079655494627,0.21395901304103887,0.5804086307669225,-2.10226473848055,0.5126712443871553,-2.5514173458076086,-0.5786224613509329,-0.788013714083923,0.1118648876556751,1.5851057928339605,-1.2076705706484638
1999-01-01,82.61,-1.3825010449658517,-2.733648939813422,-2.7379465997400314,-1.1870448857977418,0.27280996662395623,0.45170106946818894,-1.758243714112771,-1.9583593176676881,0.5388937799247192,-0.5046663904406637,-0.44579310039417525,-1.5474477036845689
1999-03-01,83.14,-0.8015824320634761,-2.2099615442118665,-2.470787482080827,-1.2446313629143442,0.1391123527343612,0.4721835822776866,-1.7970771246367858,0.40608160558145057,1.1517125231188314,1.1809835899491212,0.2384864385535677,-0.9242038353929051
1999-05-01,83.66,-0.15859268548893896,-1.1918357982086334,-1.7119853484498935,0.8181361203349463,-0.9318854964627161,-0.3277092420820917,-0.9656184979195432,0.2855757961639763,-0.29926334640477587,-1.140263481003763,-1.2504556816557852,0.272361797853356
1999-06-01,83.86,0.31291097550393293,0.08282487395874037,-2.4681003049181216,-0.4460220416478038,-2.151767620913438,0.23833535483667215,-1.595517388732771,-0.8676533922708196,1.263525086305247,0.7942072619800762,-0.6643714702621272,0.12859394625883713
1999-07-01,84.13,0.3097120564051453,1.1759263399725572,-0.976095522597256,0.2377493755396522,0.019715711093245464,0.30679968269268837,-2.486124683652857,0.6101881425925612,-0.9426658117686302,0.9077420080068387,1.196840612911086,-1.9635559489710814
1999-09-01,84.59,0.15006799284609415,2.719802040660656,-2.1661724509702642,0.4473803191750996,1.2701531409463758,1.3469312361824386,-0.68633171284627,-2.3344759247880864,0.7652778093313204,0.5574298171356993,-2.391145567629446,-1.7380147676261688
1999-10-01,84.9,-0.6289609596890449,1.1105756001407516,-0.12962384468042254,-0.39949006423954864,-1.1285454710368916,1.4379026905162136,-0.29655835171014405,0.22455928539209638,0.9427256681398308,0.3577505706179468,0.3331518535259675,-1.7838912254902703
1999-12-01,85.46,0.4595716594210862,1.111304714836956,-0.14506787013939,0.20358236737982155,-1.3532635908000996,-0.32262091155325495,-2.5597883615524357,0.03885727659271373,-1.1149213992177722,-0.7650168284536103,0.7223017426029167,-2.0746329476188357
2000-01-01,85.69,0.45004716605136735,0.257866614548209,0.08804412697941735,-3.9035036030547325,-0.6356610251896092,-1.4672369942912844,1.073415993081046,0.13298054984728525,0.21990184408282842,-0.6149459349583581,-0.8849485894097238,-3.1529480899889735
2000-03-01,86.27,-0.7543928278972025,0.428689060289758,-1.2329474930788047,-0.12036093214099192,0.4633782443983896,-0.6039339374786772,-2.675246119913222,-0.6619946466995353,-0.5149912509882725,-0.32195036330260485,0.7252788859007241,-2.2328642996434716
2000-05-01,86.76,0.875284450371097,-0.8247962323435862,-0.4051015334524931,-1.2043658780960842,-1.1692376726533895,0.9956506092802908,-1.644142164079289,-0.3577283925799928,-1.810482488755098,0.03447046480244167,-0.6763371007501324,-1.8705075808439182
2000-06-01,86.91,1.7684928282207681,0.3968601493145972,-0.20967881066350158,-0.6121341769744828,-2.529101701206029,-0.43239097462446724,-1.6940600422010859,-0.6109233092569307,-1.4175634289880485,0.4060616626704129,-0.09400022801569108,-1.9625140516093507
2000-07-01,87.11,-0.06634537229178133,0.28101562667394897,-0.8900050543879673,-1.0320756314949777,-0.7073980240636016,0.4258063052790664,-2.133646431813744,0.2966077942260032,-0.17797322933971288,0.17868587314172873,-0.08836537364948632,-2.4698727553325033
2000-09-01,87.46,1.2564424807046224,1.3925751337257326,-1.6817704308544046,-0.0196616001324405,-0.34767440763256596,0.31178435748731753,-0.05419320770493094,0.9898381200085026,-0.17600141650318965,0.2966688841096624,-1.2714273344646565,-2.806049849177452
2000-10-01,87.58,1.297163693874059,0.7462352718160031,-2.1793337298290454,0.9533659468435294,0.12849307562325937,0.6365450321006936,-2.5160093087983912,0.7640442519365614,0.29938260436256764,0.5118071126754643,-0.6222197763068604,-1.6029429760659197
2000-12-01,87.94,0.6936874839325198,-0.11108786913395485,-1.9753191471225924,2.057087553401626,-2.76678682911615,0.2528519667861056,-0.5352098317419506,-0.5518257553230556,-0.7113512496679936,1.3742247711009663,0.12336778056887136,-2.882958473402738
2001-01-01,87.95,0.9741975961616928,0.13174166956264358,-2.2457371424936383,0.8286427053831997,-0.11799314594716485,0.6137302100544484,0.22583015513696306,-0.5735103069506372,0.6555083273807587,1.9509532580810824,3.643886365954285,-1.617681030055846
2001-03-01,88.17,1.1070921064086403,0.7748313473838278,-1.1113170998205788,0.5711222855779148,0.04714902699161023,1.2872617206150991,-0.8222319406498643,2.8034435941804574,1.2115596138456146,0.22719413624236082,0.5835579848766334,-1.3937906909060576
2001-05-01,88.31,2.2773257557031874,1.6193572047536124,-1.088712679602731,0.6576523442579232,-0.3688639804810269,0.6064506182592879,-0.04783158095073065,-1.6554033899396203,1.5568697381770837,0.726675992138687,1.7408324691352361,1.2581519479130732
2001-06-01,88.27,3.958417766760874,0.22551049876989937,0.9117080589487525,0.8463083754495738,0.6943928769035289,0.4760173437586201,-0.08415168050229702,0.3086458168481119,1.5660517186445715,1.264928425147527,0.4227340219334946,-0.42125978624037225
2001-07-01,88.29,0.8009727609261695,1.1810569627762724,-0.12685691449251085,0.9707288027082929,-0.03477828644322382,0.6790229988381127,0.18544633668451324,0.1877440668467142,1.236647047531478,-0.22861690923924605,2.2724985128531174,2.2292969233581355
2001-09-01,88.22,1.453153006770012,-0.44510062936319883,0.13131506797373407,0.9842571662372614,1.084149889170244,1.5618382668071182,0.3012643118575454,0.2467287039338862,-0.3454187129977681,1.2613509701643593,2.138110795313689,3.3306006530094887
2001-10-01,88.08,3.1448118170201886,4.377873564155303,1.4127508428736022,0.2047481729132905,4.022675615438103,4.197908456528587,4.450351100099472,1.9248456458661927,1.9046901652666042,4.022212141163294,4.63739112990933,6.72985323343296
2001-12-01,87.95,3.6876575179749462,4.547078033452843,0.520056719829295,0.5940885461505578,1.0894366890348615,0.6835239025491653,4.005721229765782,-0.3711670464296666,0.7211807983529046,2.74348742995294,1.5867745261889243,6.693837016249924
2002-01-01,88.0,3.5514963750687207,1.3593065565014848,-0.19477217189132393,0.1259833621786751,0.37722221922199056,1.594256990896594,0.759253384400883,-1.1536475645726434,0.5664861634867135,0.4032654081377357,4.502146425386247,-0.5709604698677232
2002-03-01,88.12,0.7131966476996235,0.630573537742373,-1.3093013133373939,-1.3716442928667651,-0.2181333585227456,-1.251515908236675,0.38671613188300935,-0.41449854636105204,1.4590681098306288,0.6226904658565355,3.1817003579961063,-0.5717495463091231
2002-05-01,88.27,0.480894382021975,-0.026549878925478002,-0.3532854754589155,-0.292740176968965,-1.194442117776397,0.9668140477970039,0.10574611979820372,-0.11122455834145717,0.4262622067036498,0.837589938907427,0.459974812085354,-1.4469656667793536
2002-06-01,88.39,0.603892318780052,0.721992743628079,-1.372011512896747,-0.8017612822862572,1.0540063698108024,1.222459036565227,0.26924974940416224,-1.3461062642533994,0.6044294611611645,2.6559162485417818,0.15134101623201643,-0.8264381341883783
2002-07-01,88.47,0.5426794815516256,-0.007669285245156386,-0.31731715240785324,0.6242122130736181,1.2783547614041428,1.0798257245901468,0.8203771933811064,-0.2745126402340715,0.5213770988866707,1.6258969719003171,1.2065652556738096,0.8124210217936559
2002-09-01,88.66,1.007029325944401,-0.15338528080089261,-2.7384028711332,0.2905448250841604,3.113380894265264,-0.616140092363414,-0.1979506638518405,-0.6108803670405585,0.7456407355924691,2.5833243005493256,3.259672927302891,3.259313751117855
2002-10-01,88.81,-0.47932571358809556,1.1819625026472251,-0.14089018220829114,3.8487250062496545,0.36001918756377194,3.579259401993366,3.415329296911645,-1.5538812479055217,0.6006885679640599,1.3828844090340393,3.358951237831089,4.2278210061833965
2002-12-01,88.86,1.5173183862783577,0.4195380334401501,-0.5715661728168637,0.5669237743107813,1.2157552795437685,1.820027930509835,3.7336302027863657,1.307273232213232,1.0660173617327289,0.9930865456112244,2.9518269628428873,0.8888811246026684
2003-01-01,89.09,0.8261087365127909,1.0322457918827967,-2.206240193259824,0.8171741681027763,0.765638125246688,1.0821508898954422,0.5342809209528954,-0.3829679114934104,0.7363609765507161,0.9854621710089914,3.725751359860533,0.15432816272800517
2003-03-01,89.09,1.7874152526285072,1.0596097942843403,-0.0919089431860399,1.3477682945618847,0.9351458210752887,1.3613627676668492,-0.2602705219420671,3.2970315216870794,0.7279663498395008,0.6245083714672262,1.5017688826653666,-0.0068218133876114
2003-05-01,89.18,1.080952146664596,1.7619367378643798,1.5949463798708865,0.6358611374190537,0.4775197090349311,1.6138663554168804,3.993444411786309,0.49192641850556795,0.9210557309649616,0.18349981657219752,1.8188840706920102,0.5527838163719762
2003-06-01,89.24,1.3768347980581064,-0.8670035520342325,-2.2657381856173453,0.8981078306908903,1.2096805957050112,1.316351394224445,0.9586193327541473,1.1608347049156487,0.4140474054236861,-0.16735733654920393,1.5421427959872915,1.9109460884810663
2003-07-01,89.41,-0.2352649241406393,-2.5311418414359825,-3.096107668289211,0.22951131650215925,0.31525490030323694,0.008357802056437422,0.4818919822916256,0.5914250588476392,-1.5920946487337948,-1.4496233112197376,1.3093996119051625,-0.9043819468016404
2003-09-01,89.68,0.44808673022074075,-0.4757615166148887,-1.56814637667959,1.1477586565740874,0.2581670353949145,2.771304101388529,0.1891609222671381,-0.334559998510931,0.6491122223437804,-0.8448270171427577,-0.31009799357568657,-2.586189332599391
2003-10-01,89.94,1.1026489153176442,-1.9725848391390164,-1.9349642690455815,0.7577406101401614,0.42244037875358526,0.09425755934333416,-1.6549979263377121,-1.7951499738612038,-0.009905848561757065,-0.2857596138263381,-0.10189188474010588,-2.4447948373659214
2003-12-01,90.38,0.543135194473144,-2.4024092048886545,-0.702483078769173,0.48596430895067605,-1.9518871586062632,-3.3305437657875903,-0.12262110063780593,-1.6628216468167742,-2.2153511647845883,-1.5269151214825558,-1.201163585106383,-2.143711807740977
2004-01-01,90.58,-1.8399725476036064,-3.058292013206409,-2.9520725187282606,-0.07680028064131961,-3.6810275005803352,-2.5545357732681997,-0.4433347753551185,-1.4762253037675617,-1.185947452149231,0.09025597553211145,0.050497959101535,-2.316457579321115
2004-03-01,90.97,-0.49870531771230425,-2.6868824589387175,-1.8338274784889095,0.7965382090658287,-1.692029603065367,-0.09554513052166907,-2.3860053973446695,-1.7403258878703436,-1.0278080839177712,0.5470315010779295,0.11949753020121105,-2.1136332085384586
2004-05-01,91.51,-0.8336648766269596,-1.0023122482216609,-2.1632821997157037,-0.38133517172800074,-1.488018499209511,0.6716797491239443,-1.9874602250157842,-2.1410092883753196,-1.5163841814922425,-0.2039486474302247,-0.09033019488205335,-2.4694900154231934
2004-06-01,91.71,-1.6930179718892857,-1.693982138038906,-0.11244952649218534,0.42769412056809397,-1.404739647842217,-0.33015847651880476,-0.8524598050461251,-2.420729938768246,-2.355093121824285,-0.5413847137458271,0.22189201744371223,-1.722542706358962
2004-07-01,91.93,-0.3164378890027847,-1.5379317425732317,-0.4398213446699481,-0.24215111686614113,0.5849150983401555,-2.4363412971160483,-1.421377423942187,-2.0249942037428315,-0.04855448894000543,-0.337432152639899,-0.23571329981496195,-2.3937803682123016
2004-09-01,92.34,1.057819841143841,0.10591380135781697,-1.2785234075158198,1.8729925969815642,-0.46299669529716647,-0.45805502036086043,-1.1865780971898778,-2.0315841598620445,-1.30376717003682,0.1087027507667022,0.24605506047619874,-2.8090045898069707
2004-10-01,92.57,-1.4025081829190946,-1.6096049307123668,-1.997175554198426,1.2476944660140499,-1.55878336040353,5.137237054930456,-0.10542108517449417,-2.0544795291023767,-0.19610949997139954,-0.029844913997556465,-1.5860963094494294,-2.1000351140766247
2004-12-01,92.96,1.3587835867255011,-2.916213836558502,-1.011001324584941,0.6163241874302282,-1.3977348704315549,0.794293879823089,-1.3600246693100224,-0.17681945545782551,-1.57844457671859,0.5816534827720005,-0.2288559681485865,-2.664162644211907
2005-01-01,93.2,-1.658978412228949,-3.230915004572498,-1.2881412882501198,0.9254720879328957,-2.0696466282611348,-2.219435645959355,-0.7287149362080347,-2.513585865062995,0.01698173762966347,0.29368396966346,-0.525232581886458,-3.952183445899318
2005-03-01,93.64,0.3375894166266504,0.3475130316122824,-0.9356342674413872,-1.125292937742241,-2.203028779672001,-2.915319583363691,0.9733075040231903,-1.1720308909787935,0.5712676450311275,0.2978916121136213,-0.27002171612664816,-2.525455311125473
2005-05-01,94.14,-2.0856728967936484,-2.444116156908444,-0.9053144437805309,0.12700034130213128,0.17314004369624392,-2.5397753096553193,-0.2629732605135091,-0.08314612060619482,-1.0354455938751406,-1.7105706144812918,-1.283320965671532,-2.8082442166638324
2005-06-01,94.41,0.29365167931666114,-2.816504361058014,-0.5290080828571502,0.5342149878742034,-2.4711627473857947,-2.7375467486379836,0.1194756972849132,-0.3826833296964711,-0.09574636328536423,-0.9984624572164029,-0.9865702020100408,-3.206951288630649
2005-07-01,94.68,0.4093613438025306,0.11921969257278299,-1.3417550910128455,-0.668854609519099,-2.954591414632262,-1.9152505673962497,-1.8733954308156762,-1.2532629170816096,-0.5371245857190224,-1.6584100580564372,-0.5928023257179021,-3.867581612136786
2005-09-01,95.11,0.501958029868688,-0.9374580213761396,-0.7728655928641985,0.9130876087480588,-3.9289275364637875,-1.5371485647564143,-0.5261446408582149,0.08147575229482894,-1.5853904933013696,0.015634763095968385,0.417795775437545,-3.8993989682114427
2005-10-01,95.33,0.21702778484232765,-1.9822669831375923,-1.4216046405292078,-0.2707344095515067,-3.083863303366492,4.067636151907816,0.18024140034031355,-0.101910035298837,1.0053976450087685,0.09730120375215744,0.5046726970366856,-3.1621743531545015
2005-12-01,95.88,-1.0196626192936247,-2.0616731895249494,-0.9052927022245214,-1.942239841213366,-2.9111246984901196,-1.9542150544846515,0.7374358945701242,0.6293052590247433,-0.20726126395868405,-0.15990254358575956,-0.2480723509128715,-3.739719912604581
2006-01-01,96.21,-3.517402896271461,-1.1520138323152198,-2.5734606582525643,-1.5350782280177002,-3.3239142094896956,-1.7915424233721338,-1.3019439533203268,1.1223451602426406,-0.3051499686721591,0.5144317950779964,-0.674812538112982,-2.9652805605831474
2006-03-01,96.8,-0.8938880806156061,-2.3198210453341974,-1.8612007039636889,0.6996237831142712,-3.2142723607307713,0.5576343846951456,-0.645169141238945,-1.463126519588434,1.0305108732127815,0.12536802701450614,-0.08563040097867353,-2.019689488733379
2006-05-01,97.3,-0.14811943832940136,0.6311190822835037,-1.4601368300939228,0.12121180488856467,-0.7547662373625165,0.4767048613632897,-0.8027601298726922,-0.6877995088319472,-0.6337445637852374,0.7264706555176468,-1.5117883957321117,-2.0075578823085363
2006-06-01,97.48,-0.8375439291650412,-1.1503959592722486,-0.7837042462193576,0.941170886225374,-2.3239296911680665,0.16341937682342958,-0.6039919725750172,0.3251730622030207,-1.5757276140816023,0.9869029128148828,0.6040033937410063,-1.5170909675895616
2006-07-01,97.66,-0.9836554357874808,-0.14847788171227033,-1.0857177891504177,0.688879403548354,0.419064722898229,0.7679951555607447,-0.6377459805555266,-0.5842978752115021,0.49613345154722055,1.1445853836621658,1.702929433660198,-2.3323224281434873
2006-09-01,98.14,0.23245171185692917,0.31337060947819767,0.6778457470950844,0.20147406769835874,0.8338944793209342,1.4095114893060865,-0.8010460790628103,0.3995361129018844,0.26663246596152146,-0.08334865210013943,0.4046978080012046,-1.8204485113033977
2006-10-01,98.31,0.46943473836330607,0.5277807247903602,-1.159607718295917,0.8626389958006433,0.2836681233725443,-0.4316211821378892,0.11173953368396239,-1.3936199095447213,0.16435837297820888,-0.9023376893151963,-1.7741112253402205,-0.6265500147345827
2006-12-01,98.78,-0.957002806853322,-0.1960193121269421,-0.9921754989738542,0.44688989246855415,-0.2555867462655549,0.5867530421910937,0.2336415271103877,0.19727519721991515,-0.9122089762945276,-1.6501818369840797,0.31626246806640157,-1.6574297192301162
2007-01-01,98.97,1.2441713755239592,0.6757038394059749,-1.2704648008293116,0.33097536239607894,-2.6563268355420058,-2.4065440628936927,0.769116789799213,0.4707247551076516,1.0195515385973137,-0.5257806637124549,-0.8419477331969354,-2.81124882912522
2007-03-01,99.51,1.1189491763616937,0.8895167937721027,0.4239757012994399,0.6032189260439405,0.5060842695515569,1.1859676772975585,-0.17855969269971406,-1.4083119593281908,0.856838599333797,-0.175445634194316,-0.4945858624877934,-0.8384486021380724
2007-05-01,99.94,0.5412947564729795,0.017244290078418226,-1.2440874565520164,0.5950336124470008,0.4031749252677596,0.5922206243205874,0.716165132198799,-2.6361660087265575,0.27768827408565433,-0.8300366666156033,-1.6507128749231041,-0.5905087800314899
2007-06-01,100.0,0.6629894171470319,0.3793287486029092,-0.5899461355256379,1.1294411612810202,-0.213230336760483,0.49185766963784966,1.1808390883425186,0.4672521275886425,-0.2546487537318865,-2.0471595796742723,0.3636455664015404,-1.579999598426299
2007-07-01,100.11,0.022449176530757932,-1.6416761334085965,-3.0210134656530374,0.2233795009998612,0.6736269839863416,3.512833506614678,0.24748292569983582,0.14250672994707775,-0.6769129324410349,0.25430722021931307,0.307317814406053,-0.32047885078405125
2007-09-01,100.38,0.5650935835988821,0.2782548282631676,0.22240295436148402,0.8333640410017367,0.19326586184158745,1.250093896365674,1.5892593463105218,0.731309953539633,-0.08272261280820445,-0.6455436355086558,0.836010212325213,-2.9397721832215264
2007-10-01,100.53,0.9135202849685149,0.22626961469510917,0.6641382033687655,0.617511914592035,-0.5862274965741805,0.9118161376979487,0.8726446247922449,-1.1481028455486804,0.0017493259343114007,0.009154992297698865,0.3746647432818803,-1.1303822427550634
2007-12-01,100.72,-0.02099326349670626,-0.5732287826258573,-2.29564368440012,0.589924974143434,-0.19178241040411134,1.0647238243726063,1.1421136980349276,0.15900056820504124,-1.341254527298574,-1.582806723783958,0.9858761573805644,-1.4090299237387356
2008-01-01,100.87,0.78887102445678,1.1518366558242914,-1.6049000501799868,0.9782432261011359,1.0213453436850113,1.0404066468938733,0.5725179731658169,0.31783011590862265,-0.9332362014839957,0.575860842076148,-0.9364670495577445,0.05939940342239149
2008-03-01,101.02,1.0285259217824727,2.323662813488581,1.561572310919037,1.0713987703267602,1.2878698139503066,0.9557197206381348,0.3320679534841536,0.35030527608423206,0.09754899328816011,0.287178082480531,0.6202825771241245,3.63752010486729
2008-05-01,100.99,-0.03743763796036397,1.678731842490921,0.6489088718602928,-0.36230070813882737,1.1494967698274603,0.5247049624001862,0.8984830681913178,0.33755676072686414,0.53341213987616,0.8897456152442784,1.7688538193442642,1.19947778075377
2008-06-01,100.94,1.7394265743871402,3.0641588565410256,0.11032915869100447,0.41723344496384995,0.5161420910308891,2.5525390467726914,1.3843050759329958,1.0708362433733591,0.2547336724478083,-0.06319348555433323,0.3227266777160828,1.8519067860454195
2008-07-01,100.88,0.477418697044933,3.561827493623282,0.6249386110112415,-0.11477551333262714,1.5803405757353877,3.4287870970618775,1.531564332749508,0.49500763135739256,0.7299717324522312,0.8999586549755249,0.6452781155770322,1.186908214655302
2008-09-01,100.64,0.7667341492627334,0.9471844473233781,1.5578241990766104,0.7379760242224155,1.723949578612336,4.566912279820515,0.6387391837654879,1.389547124636666,0.5030612782088814,0.2866742940623897,0.9792567137677066,4.228599768047172
2008-10-01,100.34,1.3181344833007362,3.5958522957638075,0.6755748335270397,1.1530563903746438,1.0565497769750056,4.209869531214886,1.7779800071796612,1.2822812527844336,0.7011660873759994,1.1325728577009093,3.9841535261824186,4.020715752050775
2008-12-01,99.6,4.221407688990169,1.8113421567013073,0.8286468784320349,1.254792466135258,2.633968911880567,4.35264999408667,0.9323884464492562,0.18766351403132955,2.2974698817349086,2.426790104516588,3.3015174453653024,4.504738286046639
2009-01-01,99.15,1.5682272559312351,3.849344608403012,0.9524197730031412,1.4195857695258738,0.16421297425001435,4.255804546234382,3.355334000658027,2.093457556954585,1.2208752594550079,1.8443197233559652,4.66068454844989,5.952039183122378
2009-03-01,98.19,1.1343333242140257,2.494438710759115,1.7532284059500856,1.232034175527047,2.8363964259470418,5.073029558741601,3.8998053245158566,1.2655044039944496,3.0456119745542356,1.0937613880042933,3.9720676266555603,4.247380859711908
2009-05-01,97.5,-0.6619343465075288,1.5498349064255432,0.8283202974556878,1.2633613034092084,1.167847272226772,4.751429667715866,0.75603584707512,1.6846208256167587,2.40887890548188,3.1225892261413715,3.729751815412495,5.064067729627989
2009-06-01,97.31,0.7369645192268379,1.6620140206706622,0.6518469987557077,1.2178890799820212,0.551990894862623,3.5260405963630728,3.6221517453801257,1.8636880979500698,0.9662655618697924,0.8647136617295801,0.7833592044433968,3.458776158479179
2009-07-01,97.21,1.08899736206603,1.3284432305695855,0.3383657740106234,2.0804029112926252,0.9005776382036005,3.8742704444081455,1.2587778811668526,2.5687589339408943,1.5842659757100621,0.5764413888671414,3.953664962389227,4.551655935430225
2009-09-01,97.04,0.9503920242482233,1.7155415423847942,0.36393178173083696,1.1523618401139033,-0.7842216227270183,1.5052705436893328,0.9722027794030624,0.9961713905873426,0.6614601274138739,0.6956509263122025,3.2705221165711333,5.394208910446672
2009-10-01,96.99,0.5843147485262619,3.1875487221021017,0.526407450897443,1.3725295161108868,-2.1573207853040657,1.942893759159568,-2.0119904639436856,1.5399455576551713,0.5077722025532005,1.512142900350785,3.757466214986946,0.7241466446279988
2009-12-01,97.14,-0.44315327832930274,2.3200072869285573,-0.34584542128124307,1.230986646066346,0.7540938389291608,0.9264974409822831,-0.6940942848424398,1.4104533413002696,0.4252387051729678,-0.354551171094039,0.5636292153349582,0.25420941226374
2010-01-01,97.29,-1.195273421528373,1.435133177110109,-1.797303447974357,0.40426702448783414,-0.19925813760426356,-0.23284714861675254,-0.7460253636432428,0.7162751117986552,0.8614569996082942,0.22745440902202177,0.2794768778806825,0.19232240093692135
2010-03-01,97.5,-1.2183194827008872,1.2522635826854673,0.06977151876679334,-0.6297328920320296,2.6389091587652085,1.249068175412492,-0.2942246869228921,0.7143710617767567,0.4459089091518061,-0.12031428365164397,0.8188734583649927,0.2959947341795086
2010-05-01,98.19,-1.2615852094219957,0.6265319679551974,-1.0354090183517792,-0.32391284463541803,0.26489082995988456,-0.2206110290644419,-1.7649864832221676,1.894312924771566,1.0603945526607423,-0.9665502652728821,-0.5990353594475101,-0.16015657600128475
2010-06-01,98.39,-2.5772589119059077,-0.07071146357162852,-1.6520228709867535,-1.0043100287977316,-1.4481859640566972,-0.27354284622213326,-1.0854687102085885,-1.576609056079536,-0.9412348433833447,-1.952049235727877,0.3707809435606386,-1.4240254163168222
2010-07-01,98.53,-0.28614176497032523,-0.5250199442649476,0.4490173922799801,0.927300041831997,-0.22999867226860302,0.9160391830001632,-0.5121043750633764,0.6460583664347962,0.5117307085642643,-0.734738827747326,-0.47366788830294665,0.2861123419424967
2010-09-01,98.77,-0.5857671679796784,0.7073652619018129,0.7888531014566283,0.637812556130582,2.1545700697443864,1.3516073001560345,-1.149398014977697,0.794522449755117,0.7321668431654281,0.41018338578297703,0.619795724596265,-0.4386488654782311
2010-10-01,99.05,0.09564601324892236,-0.37913317201840924,0.1010952283219558,0.5968234286805835,0.026116778331433218,1.8698962032996318,0.4226049556160188,0.31603403873732,-1.1892416249199904,-0.8194290355603389,0.22855109165525025,-0.5572954202551664
2010-12-01,99.51,-1.7668997043680015,-0.5805486914660669,-0.01547086612696858,1.0495284440423958,-0.15461381772140181,-1.762838662620367,-1.1825020673733426,-0.4537535336266885,-0.7805685539407563,-1.411302440935718,-1.0817329207475423,0.9441939459695695
2011-01-01,99.7,-1.9347131169093883,-0.3642754967051617,0.11091515779228399,0.8340089550811596,-1.2434202833938086,1.0550792371780098,-3.134756103626617,0.36338781439975615,-2.372851091963572,-1.7828198886654525,-1.2614234502712018,-0.48884702948512765
2011-03-01,100.2,-1.1340855873477662,-0.023527244816521766,-0.7603850287368885,-0.0891504342937084,-1.4838338382545537,-1.0978903474098318,-1.1407344774961763,0.6961098943970201,-0.744120052172817,-1.0584642693437305,-1.5326811418133588,0.3864538000332013
2011-05-01,100.71,0.03853843835380755,0.1853229776763352,0.06719689482591225,0.07815318168050843,-1.2906848010732543,-0.02325606099251231,-0.03344879484522091,0.6425487520790155,0.5580359781126127,-0.8243104176128543,-0.36237406277009165,2.253783992721922
2011-06-01,100.91,-0.8442124178447128,1.3100713286341705,0.1432035245513998,0.8901735389889912,-0.6242971054010166,0.9893079787434974,0.857933794167694,-0.873396660220734,-1.5752979204814404,-2.0276843374783846,-1.9982600842395881,-0.9377106285215299
2011-07-01,101.12,1.4094278232991806,1.1805582850326466,-0.40636100564084554,1.5805463164213291,1.2644141908628979,0.31013079414295525,1.9534929980828546,-1.5949750059100094,0.6364761736591344,-1.430629599781024,-1.1578731052725915,1.0030166828862606
2011-09-01,101.58,1.0391027008363751,-0.6828429048210232,0.10229586360034874,0.9387633124192456,2.00062054083056,1.030481436874523,1.3441178094307764,-1.5097141244500594,0.23646511713752208,-0.00990601806661577,-0.6173164303786114,1.4725677667788264
2011-10-01,101.91,0.3762365552646623,-0.7552322047918538,-0.0010455136780892192,0.7839631694568682,1.14574728879239,0.28425226859705455,1.096596318212478,0.6032169787539816,-0.12839140144339642,0.3438219104275959,0.7527580199397477,1.5464646445221404
2011-12-01,102.45,-0.17640007682463427,1.2862399890355654,-1.6506615114759426,0.8827456093500763,0.859441515263785,0.5486075820275141,1.765269467027517,0.8947826899451145,-0.3385189117658376,-2.322748826675931,0.8524441990574338,1.263872623819777
2012-01-01,102.82,-2.1985768230699954,-2.3756394055256616,-0.17575974348936,0.45977642647119843,1.0330749483559178,-2.272792146347894,-2.0204059688521996,0.5963168564731578,-1.1618607033377522,-1.6092202199184173,-0.10907850039513517,1.3538637702349925
2012-03-01,103.44,-2.1527732482846718,-1.3239616437502042,-3.561196724649052,0.1432483529350991,0.4960064375733965,-3.1150017128121075,-1.1561149319368125,-0.2531827463610175,0.2259864758870605,0.240582004926726,-1.8256922558959172,-0.871980694307088
2012-05-01,103.88,-1.9107904131817024,-0.890195443362982,-2.653246428958349,-0.0943999521811807,-2.110032603968019,-2.033101888782577,-2.357210980875916,-2.080596328954693,0.2622303414586997,-3.877918565721061,-0.7331409245826146,-2.1873333889564206
2012-06-01,104.07,-0.8166643158857833,-0.6334307655967237,-3.977106741571808,0.18137148376496806,-1.8799749754239354,-1.8551541952665482,-1.2622353351265523,-1.8806905401424168,-0.4569247153977362,-1.6573396141367547,-1.1734103752176006,-1.9604552488980787
2012-07-01,104.3,-1.4135433217075435,-0.23708581515465066,-1.9360342625177642,1.1561515472452695,0.9033687898462104,-1.4822989758415193,0.5142184063872506,-2.7876629369301225,-0.2553871659611098,-1.3095940528937722,-1.5999524523820192,-0.8442381853639659
2012-09-01,104.9,0.38299216099007066,-0.6587128776934633,-1.748690618852771,0.7288503702466724,-1.4876494597991778,-0.9280559122606642,-2.067216111636323,-2.007384899296558,0.07686071842815094,-1.8143738677704568,0.38769890332698675,-0.1626530376412581
2012-10-01,105.1,-0.5289117569092188,0.9793706996975334,-1.9967604663733123,1.2906749848072316,-0.03697283463582302,-1.4809284442124973,0.7744429903765546,-3.0287906883017444,-0.08049503606715677,-0.9807767648903475,-1.7024786184921399,-0.14018651956103179
2012-12-01,105.56,0.2292535399182516,4.2991570509927906,-1.169581603954537,0.7142055526144274,0.018742114103401767,-1.0197550917942895,-1.5021910751350886,-1.9271336484484223,0.3128332295889518,-0.2571271474147461,0.3520908993047739,-0.7929638455336412
2013-01-01,105.82,0.5713756872084198,1.3455848470355598,-2.5425111872070314,1.0530340484491305,-0.6711569518219784,-3.677521863644599,-1.27219960403614,-1.7620716246915316,0.4780364546234748,-1.7326837273943319,-0.19223581685705335,-1.3438761587282888
2013-03-01,106.54,-1.651177216120747,-2.5132215282166777,-2.9822647703554908,0.8668038747073081,-1.4953946869068633,-2.2836781231231855,0.046381854747891235,-1.8375205834526223,-1.055226642716718,-2.1522161352864866,-0.11008018185480944,-1.5192537925037735
2013-05-01,107.04,-2.033560958056032,-2.0570607984621483,-3.376475681889482,1.0995246304061266,0.12397273057874886,-2.5616115848184142,-1.4621219761699915,-2.589146872908504,-1.8302181509092261,-1.5052142165865272,-2.2507309606551047,-1.462396727161035
2013-06-01,107.29,-0.01603877540383651,-3.3747263383012944,-3.510887309641496,0.7036074526939068,-1.1642416265983904,-3.2271035847342837,0.16717832054975415,-2.6454612814428042,-1.6248041685320493,-3.8142324927115725,-1.740022967317072,0.8674666126087593
2013-07-01,107.61,0.5482866634753378,-0.07169113999054567,-2.0089545543918943,1.3234136313901932,0.09713294989684651,-3.075772091036928,-1.9996312536034675,-3.1594256249161474,-0.8821224955472794,-0.6955945975461142,-0.8198633499227237,0.4238375078805565
2013-09-01,108.15,-2.004865167557151,0.5138018745863486,-2.142984369984248,-0.5593372208843812,-0.7908253851715115,-0.7321306714942515,-1.0959935748250738,-3.098526699699246,-0.6428736395681242,0.06086352033233719,-1.9306583686870042,-0.8507652431962771
2013-10-01,108.4,-0.7419913639938156,-0.7929152564346389,-2.383434483883186,0.5677064852795919,-1.7220922360767947,-2.398443546999674,0.26383475709636117,-2.977504370327498,-0.24442938664843872,-1.399104218534046,-0.9735194253259633,-0.8583539711867919
2013-12-01,109.07,-1.0467766553845934,0.37599615089196037,-2.0561071428636994,0.6605123877630062,-0.21914471613041833,-3.074175970472155,-1.328190976350186,-3.023978537132047,-1.367964732299652,-1.7964160941966862,-0.5397652890247535,-0.32303631556672785
2014-01-01,109.35,-0.6616143333035883,0.3247065917278998,-2.707717109950456,0.7368830654031123,-0.8718596608584991,-2.7437374637625465,-2.041589081423152,-1.3856420394087208,-1.1058806616073735,0.5545936677239272,-2.426702632962869,-1.0880385752497637
2014-03-01,109.85,-0.28059149206761985,0.017504120491549476,0.6524476876847761,0.9739353882710517,-2.4772044562350652,-1.2501235882934343,-0.26496223487643,-0.13366980668693013,-0.8134895945197352,-2.8577290373768856,-0.21867259995395028,0.5681403021836811
2014-05-01,110.59,-1.4502912552254275,0.5534733532170321,-0.41806066879959186,0.6107112548928383,0.25070130623325687,-2.0813862304968245,-0.6210747046056192,0.3978214781919257,-0.25205497081967165,-3.1791630641715076,-0.9834736966114197,-0.8379262004230638
2014-06-01,111.03,-1.9006389282809766,0.1928681557038872,0.06997679506556352,-1.1492192759970783,-1.1673691146734124,-3.351484133660549,-1.2824968447798206,-2.5031882807486503,0.46040016021934627,-3.5281189476067985,-1.7306575989865811,-0.26013906247928886
2014-07-01,111.27,-0.5984364507593318,-1.9312889384054335,-1.6429283341814487,0.16165266902394837,-0.7243255087926316,-2.5939514914534536,-1.4114446388182011,-2.8276577509807854,-0.03345464279934545,-2.1701790308979376,-1.479614170730858,-0.4880919043498204
2014-09-01,111.99,-2.1151246314515277,-1.493240955733109,-3.3338269762644015,-1.0698684414283093,-0.02552173031789762,-1.8365993502954208,-1.1639301859618678,-1.5251960207604487,-1.0939130857207164,-1.820501963158837,-2.3840516698547813,-0.8255477674503595
2014-10-01,112.37,-2.7544518247826475,-0.17208529167612047,-2.9299388543544214,-0.7573705326294428,-0.25819094906646833,-2.3984545622643574,-1.9654729715486703,-1.8876441283318772,0.3852000818899173,-2.3578310342342714,-2.229147644478045,-1.4580133185437398
2014-12-01,113.06,-1.2802721714580139,0.7990815263562,-2.981503241688761,-0.20489640873222947,-1.5542217262002875,-2.5131734438732187,0.06158840452030181,-0.17295119400985462,-1.8629886999365943,-1.6549704674739991,-1.481921521289111,-1.0735885718657736
2015-01-01,113.29,-2.3214089610152313,-1.7399231113107703,-1.8168562087009898,-0.041188840858747224,-2.0844199549742184,-3.5441087265431923,-0.6971914186180973,-0.2724182128273598,0.023051529020543776,-0.9324029217404629,-0.3335418875629406,-0.45000948641548244
2015-03-01,113.97,-1.2725461287554931,-1.4794964340564898,-3.6591615882843325,0.5033985517892241,0.21893591420473496,-1.8185974698828644,-0.4053721683840159,-1.8443588445118961,-0.23550740650349408,-2.165881663562691,-0.8958768656887345,-1.2874242563125837
2015-05-01,114.54,-2.142002853520849,2.5960205291204947,-2.442956342323484,1.5537065422777405,0.21778400116223742,-1.8999501045725564,-1.479800356752016,0.752922380364257,-0.2420213256644521,-1.2366934779990808,-0.5807883680098581,-0.572779322539051
2015-06-01,114.95,-0.160549133350807,1.1427955366961757,-2.8118287874251062,-0.07835045065101563,-1.1514738814813208,-2.8262951273365786,-1.4523717046950955,-1.5021206368028674,-0.8324579812544817,-2.0330910796956463,-1.5222693084167584,0.30840366125025837
2015-07-01,115.28,-2.1899408361325885,0.2605273499666497,-1.5834144535244452,0.32377644658515614,-1.7132240255258315,-2.739492678909705,0.32508846348206083,-2.1159417979997066,-1.9644054016969663,-1.1992873267158888,-0.36406369439242003,-2.0021748314337127
2015-09-01,115.87,-1.3113916397588425,0.06506731467056344,-2.3586686572076054,0.6560457080373171,-1.3337673539909147,-2.246473102682472,0.3205537804428174,-1.4421205682282925,-2.013336737365435,-1.7756321975580638,0.15979197701470296,0.747988902599546
2015-10-01,116.18,-1.7884383651474935,-0.04992735349707003,-2.70289877380647,0.730173391171459,0.163035435982357,-2.1306518636458267,-0.6644747027581018,-0.28650551457327933,-0.019630441382250365,0.06066456504266231,0.0038822630417227385,1.6059862933468447
2015-12-01,116.79,-1.9180369549388732,0.8603515291426136,-3.084309090930671,1.163822975959219,-0.16665917384330842,-1.5259589942688583,0.10814141828485782,-0.28124335886703955,0.673816858067509,-1.2419359357850301,1.1375027684320025,-0.7257484851111884
2016-01-01,117.12,-1.7556671391053562,1.3688968817056324,-3.5752713874426276,0.45254449760255105,-1.6802409404531513,-1.8418359503167328,-0.348443310949081,-2.5631119642772,0.3213948397315192,0.18157627251373293,-0.46594963994257393,0.640369042462891
2016-03-01,117.61,-1.3483623815642067,1.8276733294852372,-1.0114480051450234,0.2136695314036861,0.1817229444212844,-0.41040917273725713,0.08331272886435458,-1.8035624553419634,0.30062929573715025,1.096027778117265,1.171340020268959,1.5602706290754302
2016-05-01,118.21,-0.8817661227671145,0.440300297265642,-3.7897579971322544,0.05770215129573348,-1.166636072074212,-1.2664734456542985,-1.4977038785256853,-1.867235012388959,1.4902879814183307,-1.45860729250815,0.2963964046400292,0.1873293439994125
2016-06-01,118.42,-1.9291645429388578,0.853434255327909,-1.9967981774835337,-0.20464398872699133,-0.5611634765426889,-1.339059629988539,-2.023112066631117,-1.9080100484555462,1.245083108626853,-0.0677279141908756,0.2107346911208434,0.05014643005860881
2016-07-01,118.79,-0.3879472077383393,1.5282584092134395,-0.1251262195348732,0.3856720005707897,-0.17054506057197258,-0.07416641719933323,-1.899021343928395,-2.368387519949634,0.5507031907832508,-2.701279165037543,-1.4807404182197201,-0.17054506057197258
2016-09-01,119.28,1.2068966518681041,1.5266558799276573,-0.9281524905379739,0.381444019882923,0.5524024393606274,-0.20888212749510365,-0.9189719447549254,-0.112714304860908,1.4425268298813532,-0.2372933353060875,-0.77984402805358,-0.9837880003614015
2016-10-01,119.59,-1.507042823003869,0.7633124370366209,-1.2778812166994804,1.1810151820184571,1.564780170529646,0.22545465303846823,-0.9287051970653452,-2.0942354889334744,0.40430599537803386,-1.1461907248746488,-1.8306190945222263,-0.21606240052494424
2016-12-01,120.19,-0.8518844304562999,1.0682436783889144,-2.185445999281231,0.9744415807612058,1.0038177519794418,-0.9202877813077336,-1.5445209021834214,-0.34878968402628535,0.6853843603058283,0.05340151627264226,-0.6504759051387046,-0.638503722917323
2017-01-01,120.46,-2.402784621616631,1.2400644937601453,-2.603349212747194,0.10771277166187498,-1.4295671078531258,-0.8628410881196626,-2.2778493939246998,-0.8804632045749098,0.3440741322597671,-0.9565352789802891,-1.4454306186070245,-2.725247909749933
2017-03-01,121.15,0.19361529638626224,-0.5387630197885988,-1.6254150554193287,-0.22967417753639077,-1.2590158318646567,-2.1119997632676797,-2.13774997434111,-2.0812814106948028,1.447341831784076,-1.4796235250305425,-2.1615233959620284,0.5963463883803931
2017-05-01,121.72,0.5788950269394139,0.9004024115324627,0.5757214835297535,-0.08894688664619364,-1.9848261137899377,-1.2213015334177888,-1.2863230792910014,0.7018793783665553,1.2791910690449577,-1.443171973370936,-2.136473719318541,-1.7331706161830873
2017-06-01,122.07,0.6459519065645926,1.8179112596109404,-0.08385537283643141,0.33006397336401916,-2.344467640790351,-0.9300803784251762,-2.1092853009199932,-1.2391984986110456,0.8850597537611367,-2.595752929086812,-2.208616615124563,-1.7395735975783364
2017-07-01,122.35,-2.1279405031035594,0.8396832219951784,0.3311673917183562,0.12968711386011994,-0.6726272720633812,-0.48805338107605245,-1.1113134111111802,-1.0120752775164916,0.9806334686262888,-2.20500838470564,-1.6295464041144956,-1.4207327517918922
2017-09-01,122.86,0.4717851147664439,0.9365549772860742,-1.3281348520126073,-0.3834598850122026,-1.8527927037210108,-0.5388794459309523,-1.9821928728079738,-0.3915969521933637,1.1144886766017317,-2.1651092098172326,-0.5873959792731327,0.023719715676745943
2017-10-01,123.15,0.9436337708890914,0.4599906152141955,-3.0612605115548353,0.6229517833063257,-1.2997539805860663,0.2042610748239207,-0.8193199412832772,0.08619859808112193,1.0056455305198584,-2.4077934950898743,-0.00017248264973293448,-1.6717286426864681
2017-12-01,123.76,-0.45343775409920994,0.8230712192776135,-1.1604540759715007,0.15417848064454684,-0.8361819927820969,-1.935724029018618,-0.7231619463156775,-0.15749909317647892,0.4638854941799753,-2.5445668568734927,-2.9839322682039353,-1.6939204930126304
2018-01-01,124.05,-0.6971290254534864,0.4087751496803815,-1.5025476745809174,-1.1523712813297333,-1.3697974476773755,-2.1971607619234286,-2.6047002364693475,-2.496193499937838,0.4159157773420574,-1.5880747390619951,-3.08820283511955,-2.5476199278837597
2018-03-01,124.77,0.2735933688551885,0.754117925318006,0.29165625452277133,-2.2729206270486846,-0.048954814353292735,-1.7073130743466736,-2.6350481285029383,-0.02995398105260277,-1.3527339184621605,-2.861759821297919,-2.0907355314139453,-0.7831176878155282
2018-05-01,125.48,0.19134617217177632,1.6322547089345807,-0.2623177436164373,-1.053529040812668,-0.2863883634473952,-2.2621571677964663,-2.9538016610037268,-2.416865604578525,0.0866330149653138,-2.4094962772120962,-0.9180251664535247,0.9922592827471296
2018-06-01,125.65,-1.8995837079964395,0.8333976484896397,0.8158359915679502,-2.1475083672220263,-0.4161076100218613,-0.653126542847695,-2.378621139019683,0.2348574986824381,-1.794908238042358,-2.935592076545292,-2.2459113602290093,1.4728758543294826
2018-07-01,126.01,0.4013135326458982,-1.0005957880524998,0.08201009241852955,-1.1833618106952646,-1.7047887663860672,-1.2997068540644159,-2.4252187808148014,-1.3634603757853154,0.7067247148711185,-1.5981678103925336,-1.2353134794032072,-0.2852399097938629
2018-09-01,126.61,0.7890204421433354,0.31457240522493807,-0.8079650268041263,-1.3903511315540744,-0.7630263084136231,-1.4499816057861494,-1.3834347047927145,-1.087256870570426,-0.6821475993665901,-1.7139448009222056,-0.865245413884355,0.08055335679998941
2018-10-01,126.81,0.45439256498061026,1.1157712598058727,0.00048042379421223743,-0.18803263974050058,1.062783842168694,-1.5832956802247147,-1.52799570768124,-1.5079399888027087,0.9307327138825248,-1.8384443712739331,-2.0918472455757926,-0.7355553432283999
2018-12-01,127.27,1.1336159146399578,0.42826415626642544,-1.616225976994758,-2.3901526441509118,-0.9579720758604826,-1.299968763129497,-1.8595387633812572,0.2784653072585703,0.3264821243227855,-1.2499531969487652,-0.9022316893691461,-1.8817196579464701
2019-01-01,127.55,0.3029608936968502,1.7324892373294667,-0.3842727089036553,-0.7521542803319949,-1.940416374501108,-0.5059702476022517,-2.5913907184029306,-1.7625790721410366,1.471628432477069,0.8889742856786474,-0.7880554473664657,-0.45089980305677646
2019-03-01,128.12,1.3136968875064519,1.9780012445591644,1.8464226649691007,-1.1831581076724158,-0.3970330847941768,-1.2502101395799567,0.4046304091080393,1.357770319309117,0.9843178925556793,-2.095857280097773,0.8309055542616794,0.4819914911613621
2019-05-01,128.82,-1.4465788890905693,1.0338782032698446,0.4351742585856011,-2.1089925167602313,-1.7312689115076598,-1.2627004047429584,-1.2648468818275076,-0.9596787257151683,1.2455345835422345,-0.38885877820244896,-1.7717485426534105,0.6593803815292704
2019-06-01,129.08,1.1686463003254828,0.5000548420305612,-0.5099855730861463,-0.14026902817452624,-0.914734809152317,0.2952193933465874,-0.3029390982715701,0.9986495312181136,1.0905480921944035,-2.658916566579537,-2.5786896942479327,-0.5450985272528039
2019-07-01,129.27,3.0666043549372466,1.0228687967545858,-0.34464394346278243,-0.35106296684231647,-1.9932828800897264,-1.040125553367786,0.17984829345854775,-2.116686569476747,0.8559671138943656,0.14461510350612153,-0.41066151299472137,0.5106209558021014
2019-09-01,129.92,-1.352971014939807,1.1534636691998175,0.5057374691313411,0.31983790116702726,0.6412090111223422,-0.33101585499396263,1.2978018135171188,1.0691781118700514,1.1954783449313455,-1.2759438710146165,-0.9632607516859147,-0.2656390321457424
2019-10-01,130.1,0.7475691794919926,1.8118349497143256,0.7719278748966031,0.3557738867147722,1.1412097069890614,-2.4266521010460402,0.44274165711703933,0.24923539975967532,1.1773978845746553,-1.882780436955281,-0.45898846757550327,1.4278864419860064
2019-12-01,130.64,-0.4169081265591353,1.4297687093246874,0.18317856564490737,-0.2410125087676285,-0.4569595124533721,-1.8509335872074641,0.5582255463332771,1.53432204632507,0.7223697728944477,0.9739320419890825,0.38636238665309197,-0.7413975804482481
2020-01-01,130.95,-0.3732809658689211,0.9627947734449135,-0.7576253622734048,-1.1825393953763756,-1.0826126070755608,-2.4156794987746952,-2.128862593802709,-2.314748404341873,0.9748815281157676,0.4252631979116486,-1.6313017209986662,-1.2719715876389877
2020-03-01,130.35,-1.7025421541728896,1.7732578927936828,0.8348596872479507,-2.1041320742299057,-2.1340126429550486,0.3575968048869986,0.082642033278154,-0.1772513185474183,-1.2177285632901516,-1.5056953513508182,-0.0938331414167633,0.6959131303631031
2020-05-01,118.24,1.2755563425493082,4.3902217964983254,4.281631878885491,4.2365172364964545,0.7171268400553164,0.6891650274432404,1.6759789377069472,2.32356178349759,3.031038322845141,2.1562863219078294,3.5715556579047427,3.774325241289644
2020-06-01,120.22,3.6073088447604857,1.4006597624499109,1.0348330918199284,4.402768470859543,1.305682198397739,0.16461667738272143,1.3507905173836097,3.944876660116918,1.098636426503181,3.340707522539844,4.121151189458613,1.2281999483596837
2020-07-01,120.84,0.6937011101172866,1.60718853945881,1.0661649605041228,1.56894082390372,1.2555629035877873,0.6434074451838606,0.11807092597061475,0.4415391116679993,1.5283811187159801,0.2703949068773082,0.5367816799469273,1.1490282082774923
2020-09-01,123.46,1.8507264466291298,2.606769632843114,1.041599116702395,1.0298405452631665,0.6876353065479562,0.7301043366208182,-1.6233901870487695,0.4762594940606589,1.158374524172647,-0.16846333814125075,1.1229494472439951,0.774666622214819
2020-10-01,124.57,0.4441139232977973,2.347646112644564,0.7160884552731411,-0.7268548953138774,0.16226286059354447,0.7202449307621872,-0.22138082828166364,-0.9034749680457546,1.179012551255807,0.6505034243881527,-1.3161499672982566,0.3471587981592937
2020-12-01,125.23,0.8511929516182801,1.3204454734382465,3.479450892870411,-0.6892611915356691,0.12420096910048375,0.426657027096738,-1.826156654815253,0.5117943889443708,0.1678471920726708,-1.4095758564136436,0.6474675129491317,0.42124886809792733
2021-01-01,125.85,-0.19934101520605996,4.439768512998674,1.248722333295248,1.7265504471072695,1.0250773588881419,0.4543816461012971,-1.769135540681674,0.51687975079363,0.8053835561496322,-0.7870580699481425,-2.179664426821146,-1.7559233289447784
2021-03-01,127.08,-1.148463397566428,1.1314917005515321,0.025336927651195437,0.3883109752070406,-0.6175519833079179,0.4743051712759546,-0.6143912386351187,1.277785197270618,-0.6608437387585177,-1.7681309440573298,-0.2976625715603582,0.989756368759029
2021-05-01,128.11,-0.6737756902288696,0.500344042359346,0.855497404628461,-1.9823648369132698,-1.5849574740052803,-0.5150626415219294,-1.8597597027387056,-0.5410210036262164,-1.301995190143248,-2.0578792809099977,-1.9460847695397399,0.4327496448856817
2021-06-01,128.68,-2.3698523608598596,-1.3349718854476522,0.3108991198278718,-1.7556452212583324,-0.6945229027324511,-1.1067193068746388,-2.006158816225678,0.021941443000415353,-1.74453205814817,-2.236024229645507,-0.03701414245964147,-0.9484029670412818
2021-07-01,129.66,-2.3747258072671844,-2.124600614141826,0.6410764612210341,-1.3705185008636023,-1.7997727670624464,-0.7843535000929228,-2.2114363626204683,-1.080733171686791,-1.1712785235246823,-3.1479211445445436,-1.3176197253164172,-2.0997321522990977
2021-09-01,130.98,1.0603757835594037,0.8162220571461204,1.2954558425647378,1.0521850131170547,-0.9914762389998237,0.5046483084282629,0.5494471192488147,-1.0619759557699855,-0.06954746528384226,-0.03392205096368612,-1.5740680032896017,0.49143034677164993
2021-10-01,131.73,1.4886967508496691,0.9185323133901839,1.5333346757961401,-0.8452806340245096,1.5890817548497618,0.5889791624575688,0.8662157420249478,-0.5186425911437476,0.07936070074176914,-0.9381311445473979,-2.392411510354092,-0.03046581635674492
2021-12-01,133.14,0.3827870251501117,-0.3531004682717669,0.027604387334829217,-0.7064121910779296,-0.2088041006313631,-2.674176483865156,0.26608718209158466,-0.6620537901339254,-0.19787019916597565,-1.9767116758338605,-0.3478926996093311,0.3866469022502625
2022-01-01,133.47,0.094729983029802,1.3864438006334336,0.08403074963972669,-1.1280718940171282,-0.6192512487674267,-1.4214166233949592,-0.3613700324097092,-1.5598297853806526,0.3141284402041508,-2.5238609347697416,-1.1160673256566525,0.34287905088288184
2022-03-01,134.86,-1.3038017528456542,2.8308769823618833,0.3299868394317947,-0.44939929116790156,-1.0346842792904265,-1.3616967372691586,-0.7485102030271328,-0.0002870862071647344,-0.8659943399531999,-1.0062770780564587,0.6686834419358537,0.886438954739559
2022-05-01,135.61,-0.37190780404851614,2.974540483418778,-1.5441078582561105,-0.09619371332607114,-1.7840235137637654,0.4280303627828437,-0.5380116128383113,-0.29364011231588316,-0.8708049564617852,-1.6932298182517715,-1.600845414023743,0.45908047950780134
2022-06-01,135.98,1.4383763810983081,0.9596274083894875,1.6445694762950274,-0.22005067690365418,-2.424593443678174,0.2306848653015931,-0.6544585814381978,-0.4962730656147628,-1.0379065454148988,-0.9412867366822742,0.043899775458428,-1.547463818074565
2022-07-01,136.56,-0.9782283871947074,0.7761249288718963,0.5450712960121968,0.8968836546618703,-1.2829920096975291,0.08776011758026804,0.7785664123913622,0.07218227812858176,-1.3335667528660977,-1.0490687468672295,-0.02197530140621819,0.9148656394182114
2022-09-01,137.29,-0.8028682836485926,2.5716210727466247,0.8604046939520514,-0.024810079131966156,-0.6364113173467648,0.24133044790039895,0.12335965471324264,2.043109917901319,0.48729958699394194,0.19872714051144386,0.03398286409067941,0.4785292701987514
2022-10-01,137.65,0.9295637992091603,1.7617360086344596,0.4972428724320595,-1.1630726228422792,0.5593235363401095,-1.3046471576812002,0.7209934078794249,0.8716057563083448,0.22964379285543757,-0.39403767875644113,1.0235450919273807,0.6340277135517741
2022-12-01,138.33,1.4730945438153966,1.8645073278033837,0.5182396097310179,1.1703829975290505,-0.01942257190179235,0.8069052593729396,0.8484092836979419,1.1715297235585096,-0.46799646179970583,-0.3575893445997717,0.7244293970753047,1.449195638922546
2023-01-01,138.82,-0.965757936915896,1.6075062763193408,-0.13855771680571619,0.6848976459224687,0.5301299659347409,-1.040224082035497,0.696810379672152,0.38674921589188604,1.0383773084786718,-0.008202121366649252,0.3297121931585958,-0.13345196261246542
2023-03-01,139.44,-0.7688087945084975,0.7595735882982557,0.3992465877185655,0.25124115397492164,0.6502442467771299,-0.34357772525349645,0.12113127562637155,0.1334912183186543,1.188307970157689,-0.06596857338063088,-0.5631291167513761,0.5960218372498077
2023-05-01,140.1,0.44073676167292863,1.565042362826745,0.8869730677653739,-0.9162499139218885,0.9651462968608764,-1.6284725004377238,0.8031768584578952,-2.626721643564918,0.9154739007261762,-1.078289917532266,0.49117852671748063,1.559932653324569
2023-06-01,140.52,0.471412237460591,0.819479602137149,0.6254081986513645,0.8223464256006526,-1.2779543632733847,0.3842535460973589,0.6399588719977017,1.507565779795667,-0.08987649832299716,-0.9968744687271548,-0.4158434071526629,1.2714271948644125
2023-07-01,140.92,-1.134141711467404,0.4967181644210554,-0.264391954425378,1.184242835604767,0.8496559160693599,-0.14589199373532505,1.0773293917079358,0.9503631138446155,-0.3368902900285407,-1.8114571659040721,0.4513004466462051,0.5308217920454886
2023-09-01,141.45,1.1033626887618946,1.1928894589852177,0.046810439493050554,1.1126536092336103,0.4433800811772517,-2.259353073715702,0.8635537669956372,0.6805719200231848,-0.8623093778156752,-1.1962801878100409,2.7321759092287468,1.3311590808991434
2023-10-01,141.76,1.6110780718336872,0.7797156481991061,-0.07924004869880079,0.7238357474482147,0.7669693032875871,-0.7097512179183555,1.446305808373514,1.6080053734618072,-0.19372432143874366,0.04712537579385774,-0.24327329767925945,0.5025319695930873
2023-12-01,142.44,0.19594524852730566,1.4441182705319364,0.393442677026411,0.6057699165612296,-0.5137351080098874,0.23912279507523268,2.9486998446346866,0.5769418554757498,0.8053344329962908,-1.1139219779263227,1.5360776435772299,0.8527280672496905
2024-01-01,142.77,-1.6429433519668235,0.9505811832977794,-2.0367603951114486,0.2580831990967118,0.4701750934901926,0.020202883743590107,0.27903649215585863,-0.6231266417107338,0.31124095501724763,0.7643494028516795,0.2580831990967118,1.2678612734211916
2024-03-01,143.42,-2.0604181693860917,0.8502842306146657,1.1220769311630912,-0.9639911142445005,0.7955266593626584,0.31274753545611317,0.6213478177857941,0.638619434566183,0.70676727069062,0.17489874446852183,0.6872358701373718,0.8834312775430407
